[
  {
    "id": "IHE.mCSD.CareServicesSelectiveConsumer",
    "type": "CapabilityStatement",
    "url": "http://profiles.ihe.net/ITI/mCSD/CapabilityStatement/IHE.mCSD.CareServicesSelectiveConsumer",
    "version": "3.8.0",
    "name": "IHE_mCSD_Care_Services_Selective_Consumer"
  },
  {
    "id": "IHE.mCSD.CareServicesSelectiveConsumer.LocationDistance",
    "type": "CapabilityStatement",
    "url": "http://profiles.ihe.net/ITI/mCSD/CapabilityStatement/IHE.mCSD.CareServicesSelectiveConsumer.LocationDistance",
    "version": "3.8.0",
    "name": "IHE_mCSD_Care_Services_Selective_Consumer_Location_Distance_Option"
  },
  {
    "id": "IHE.mCSD.CareServicesSelectiveSupplier",
    "type": "CapabilityStatement",
    "url": "http://profiles.ihe.net/ITI/mCSD/CapabilityStatement/IHE.mCSD.CareServicesSelectiveSupplier",
    "version": "3.8.0",
    "name": "IHE_mCSD_Care_Services_Selective_Supplier"
  },
  {
    "id": "IHE.mCSD.CareServicesSelectiveSupplier.LocationDistance",
    "type": "CapabilityStatement",
    "url": "http://profiles.ihe.net/ITI/mCSD/CapabilityStatement/IHE.mCSD.CareServicesSelectiveSupplier.LocationDistance",
    "version": "3.8.0",
    "name": "IHE_mCSD_Care_Services_Selective_Supplier_Location_Distance_Option"
  },
  {
    "id": "IHE.mCSD.CareServicesUpdateConsumer",
    "type": "CapabilityStatement",
    "url": "http://profiles.ihe.net/ITI/mCSD/CapabilityStatement/IHE.mCSD.CareServicesUpdateConsumer",
    "version": "3.8.0",
    "name": "IHE_mCSD_Care_Services_Update_Consumer"
  },
  {
    "id": "IHE.mCSD.CareServicesUpdateConsumer.LocationDistance",
    "type": "CapabilityStatement",
    "url": "http://profiles.ihe.net/ITI/mCSD/CapabilityStatement/IHE.mCSD.CareServicesUpdateConsumer.LocationDistance",
    "version": "3.8.0",
    "name": "IHE_mCSD_Care_Services_Update_Consumer_Location_Distance_Option"
  },
  {
    "id": "IHE.mCSD.CareServicesUpdateSupplier",
    "type": "CapabilityStatement",
    "url": "http://profiles.ihe.net/ITI/mCSD/CapabilityStatement/IHE.mCSD.CareServicesUpdateSupplier",
    "version": "3.8.0",
    "name": "IHE_mCSD_Care_Services_Update_Supplier"
  },
  {
    "id": "IHE.mCSD.CareServicesUpdateSupplier.LocationDistance",
    "type": "CapabilityStatement",
    "url": "http://profiles.ihe.net/ITI/mCSD/CapabilityStatement/IHE.mCSD.CareServicesUpdateSupplier.LocationDistance",
    "version": "3.8.0",
    "name": "IHE_mCSD_Care_Services_Update_Supplier_Location_Distance_Option"
  },
  {
    "id": "Endpoint-EndpointSpecificType",
    "type": "SearchParameter",
    "url": "http://profiles.ihe.net/ITI/mCSD/SearchParameter/Endpoint-EndpointSpecificType",
    "version": "3.8.0",
    "name": "EndpointSpecificType"
  },
  {
    "id": "IHE.mCSD.Search.PurposeOfUse",
    "type": "SearchParameter",
    "url": "http://profiles.ihe.net/ITI/mCSD/SearchParameter/IHE.mCSD.Search.PurposeOfUse",
    "version": "3.8.0",
    "name": "IHE_mCSD_Search_PurposeOfUse"
  },
  {
    "id": "IHE.mCSD.Organization.Location.Types",
    "type": "CodeSystem",
    "url": "https://profiles.ihe.net/ITI/mCSD/CodeSystem/IHE.mCSD.Organization.Location.Types",
    "version": "3.8.0",
    "name": "MCSDOrganizationLocationTypes"
  },
  {
    "id": "MCSDEndpointIdentifierTypes",
    "type": "CodeSystem",
    "url": "https://profiles.ihe.net/ITI/mCSD/CodeSystem/MCSDEndpointIdentifierTypes",
    "version": "3.8.0",
    "name": "MCSDEndpointIdentifierTypes"
  },
  {
    "id": "MCSDEndpointTypes",
    "type": "CodeSystem",
    "url": "https://profiles.ihe.net/ITI/mCSD/CodeSystem/MCSDEndpointTypes",
    "version": "3.8.0",
    "name": "MCSDEndpointTypes"
  },
  {
    "id": "MCSDOrgAffTypes",
    "type": "CodeSystem",
    "url": "https://profiles.ihe.net/ITI/mCSD/CodeSystem/MCSDOrgAffTypes",
    "version": "3.8.0",
    "name": "MCSDOrgAffTypes"
  },
  {
    "id": "MCSDOrganizationIdentifierTypes",
    "type": "CodeSystem",
    "url": "https://profiles.ihe.net/ITI/mCSD/CodeSystem/MCSDOrganizationIdentifierTypes",
    "version": "3.8.0",
    "name": "MCSDOrganizationIdentifierTypes"
  },
  {
    "id": "mcsd-example-hierarchy",
    "type": "CodeSystem",
    "url": "https://profiles.ihe.net/ITI/mCSD/CodeSystem/mcsd-example-hierarchy",
    "version": "3.8.0",
    "name": "MCSDExampleHierarchy"
  },
  {
    "id": "ihe.iti.mcsd",
    "type": "ImplementationGuide",
    "url": "https://profiles.ihe.net/ITI/mCSD/ImplementationGuide/ihe.iti.mcsd",
    "version": "3.8.0",
    "name": "IHE_ITI_mCSD"
  },
  {
    "id": "IHE.mCSD.Audit.CareServices.Query",
    "type": "StructureDefinition",
    "url": "https://profiles.ihe.net/ITI/mCSD/StructureDefinition/IHE.mCSD.Audit.CareServices.Query",
    "version": "3.8.0",
    "name": "AuditMcsdCareServicesQuery"
  },
  {
    "id": "IHE.mCSD.Audit.CareServices.Read",
    "type": "StructureDefinition",
    "url": "https://profiles.ihe.net/ITI/mCSD/StructureDefinition/IHE.mCSD.Audit.CareServices.Read",
    "version": "3.8.0",
    "name": "AuditMcsdCareServicesRead"
  },
  {
    "id": "IHE.mCSD.Audit.CareServices.Updates",
    "type": "StructureDefinition",
    "url": "https://profiles.ihe.net/ITI/mCSD/StructureDefinition/IHE.mCSD.Audit.CareServices.Updates",
    "version": "3.8.0",
    "name": "AuditMcsdCareServicesUpdates"
  },
  {
    "id": "IHE.mCSD.Endpoint",
    "type": "StructureDefinition",
    "url": "https://profiles.ihe.net/ITI/mCSD/StructureDefinition/IHE.mCSD.Endpoint",
    "version": "3.8.0",
    "name": "MCSDEndpoint"
  },
  {
    "id": "IHE.mCSD.Endpoint.DocShare",
    "type": "StructureDefinition",
    "url": "https://profiles.ihe.net/ITI/mCSD/StructureDefinition/IHE.mCSD.Endpoint.DocShare",
    "version": "3.8.0",
    "name": "MCSDEndpointDocShare"
  },
  {
    "id": "IHE.mCSD.FacilityLocation",
    "type": "StructureDefinition",
    "url": "https://profiles.ihe.net/ITI/mCSD/StructureDefinition/IHE.mCSD.FacilityLocation",
    "version": "3.8.0",
    "name": "MCSDFacilityLocation"
  },
  {
    "id": "IHE.mCSD.FacilityOrganization",
    "type": "StructureDefinition",
    "url": "https://profiles.ihe.net/ITI/mCSD/StructureDefinition/IHE.mCSD.FacilityOrganization",
    "version": "3.8.0",
    "name": "MCSDFacilityOrganization"
  },
  {
    "id": "IHE.mCSD.HealthcareService",
    "type": "StructureDefinition",
    "url": "https://profiles.ihe.net/ITI/mCSD/StructureDefinition/IHE.mCSD.HealthcareService",
    "version": "3.8.0",
    "name": "MCSDHealthcareService"
  },
  {
    "id": "IHE.mCSD.JurisdictionLocation",
    "type": "StructureDefinition",
    "url": "https://profiles.ihe.net/ITI/mCSD/StructureDefinition/IHE.mCSD.JurisdictionLocation",
    "version": "3.8.0",
    "name": "MCSDJurisdictionLocation"
  },
  {
    "id": "IHE.mCSD.JurisdictionOrganization",
    "type": "StructureDefinition",
    "url": "https://profiles.ihe.net/ITI/mCSD/StructureDefinition/IHE.mCSD.JurisdictionOrganization",
    "version": "3.8.0",
    "name": "MCSDJurisdictionOrganization"
  },
  {
    "id": "IHE.mCSD.Location",
    "type": "StructureDefinition",
    "url": "https://profiles.ihe.net/ITI/mCSD/StructureDefinition/IHE.mCSD.Location",
    "version": "3.8.0",
    "name": "MCSDLocation"
  },
  {
    "id": "IHE.mCSD.LocationDistance",
    "type": "StructureDefinition",
    "url": "https://profiles.ihe.net/ITI/mCSD/StructureDefinition/IHE.mCSD.LocationDistance",
    "version": "3.8.0",
    "name": "MCSDLocationDistance"
  },
  {
    "id": "IHE.mCSD.Organization",
    "type": "StructureDefinition",
    "url": "https://profiles.ihe.net/ITI/mCSD/StructureDefinition/IHE.mCSD.Organization",
    "version": "3.8.0",
    "name": "MCSDOrganization"
  },
  {
    "id": "IHE.mCSD.OrganizationAffiliation",
    "type": "StructureDefinition",
    "url": "https://profiles.ihe.net/ITI/mCSD/StructureDefinition/IHE.mCSD.OrganizationAffiliation",
    "version": "3.8.0",
    "name": "MCSDOrganizationAffiliation"
  },
  {
    "id": "IHE.mCSD.OrganizationAffiliation.DocShare",
    "type": "StructureDefinition",
    "url": "https://profiles.ihe.net/ITI/mCSD/StructureDefinition/IHE.mCSD.OrganizationAffiliation.DocShare",
    "version": "3.8.0",
    "name": "MCSDOrganizationAffiliationDocShare"
  },
  {
    "id": "IHE.mCSD.Practitioner",
    "type": "StructureDefinition",
    "url": "https://profiles.ihe.net/ITI/mCSD/StructureDefinition/IHE.mCSD.Practitioner",
    "version": "3.8.0",
    "name": "MCSDPractitioner"
  },
  {
    "id": "IHE.mCSD.PractitionerRole",
    "type": "StructureDefinition",
    "url": "https://profiles.ihe.net/ITI/mCSD/StructureDefinition/IHE.mCSD.PractitionerRole",
    "version": "3.8.0",
    "name": "MCSDPractitionerRole"
  },
  {
    "id": "IHE.mCSD.PurposeOfUse",
    "type": "StructureDefinition",
    "url": "https://profiles.ihe.net/ITI/mCSD/StructureDefinition/IHE.mCSD.PurposeOfUse",
    "version": "3.8.0",
    "name": "MCSDPurposeOfUse"
  },
  {
    "id": "ihe-endpointspecifictype",
    "type": "StructureDefinition",
    "url": "https://profiles.ihe.net/ITI/mCSD/StructureDefinition/ihe-endpointspecifictype",
    "version": "3.8.0",
    "name": "EndpointSpecificType"
  },
  {
    "id": "IHE.mCSD.Organization.Location.Types",
    "type": "ValueSet",
    "url": "https://profiles.ihe.net/ITI/mCSD/ValueSet/IHE.mCSD.Organization.Location.Types",
    "version": "3.8.0",
    "name": "MCSDOrganizationLocationTypeValueSet"
  },
  {
    "id": "MCSDEndpointIdentifierTypeValueSet",
    "type": "ValueSet",
    "url": "https://profiles.ihe.net/ITI/mCSD/ValueSet/MCSDEndpointIdentifierTypeValueSet",
    "version": "3.8.0",
    "name": "MCSDEndpointIdentifierTypeValueSet"
  },
  {
    "id": "MCSDEndpointTypesCoreDocShareVS",
    "type": "ValueSet",
    "url": "https://profiles.ihe.net/ITI/mCSD/ValueSet/MCSDEndpointTypesCoreDocShareVS",
    "version": "3.8.0",
    "name": "MCSDEndpointTypesCoreDocShareVS"
  },
  {
    "id": "MCSDEndpointTypesVS",
    "type": "ValueSet",
    "url": "https://profiles.ihe.net/ITI/mCSD/ValueSet/MCSDEndpointTypesVS",
    "version": "3.8.0",
    "name": "MCSDEndpointTypesVS"
  },
  {
    "id": "MCSDOrgAffTypesVS",
    "type": "ValueSet",
    "url": "https://profiles.ihe.net/ITI/mCSD/ValueSet/MCSDOrgAffTypesVS",
    "version": "3.8.0",
    "name": "MCSDOrgAffTypesVS"
  },
  {
    "id": "MCSDOrganizationIdentifierTypeValueSet",
    "type": "ValueSet",
    "url": "https://profiles.ihe.net/ITI/mCSD/ValueSet/MCSDOrganizationIdentifierTypeValueSet",
    "version": "3.8.0",
    "name": "MCSDOrganizationIdentifierTypeValueSet"
  }
]