<?xml version="1.0" encoding="UTF-8"?>

<CapabilityStatement xmlns="http://hl7.org/fhir">
  <id value="IHE.MHD.DocumentResponder"/>
  <text>
    <status value="additional"/><div xmlns="http://www.w3.org/1999/xhtml">
	This Requirements CapabilityStatement describes the <a href="1331_actors_and_transactions.html#133114-document-responder">Document Responder actor</a>.
	</div>
  </text>
  <url value="https://profiles.ihe.net/ITI/MHD/CapabilityStatement/IHE.MHD.DocumentResponder"/>
  <version value="4.1.0"/>
  <name value="IHE_MHD_DocumentResponder"/>
  <title value="Document Responder (server)"/>
  <status value="active"/>
  <experimental value="false"/>
  <date value="2021-05-15T00:00:00-05:00"/>
  <publisher value="IHE IT Infrastructure Technical Committee"/>
  <contact>
    <telecom>
      <system value="url"/>
      <value value="https://www.ihe.net/ihe_domains/it_infrastructure/"/>
    </telecom>
  </contact>
  <contact>
    <telecom>
      <system value="email"/>
      <value value="iti@ihe.net"/>
    </telecom>
  </contact>
  <contact>
    <name value="IHE IT Infrastructure Technical Committee"/>
    <telecom>
      <system value="email"/>
      <value value="iti@ihe.net"/>
    </telecom>
  </contact>
  <description value="IHE ITI Mobile access to Health Documents (MHD) - Document Responder (server)."/>
  <jurisdiction>
    <coding>
      <system value="http://unstats.un.org/unsd/methods/m49/m49.htm"/>
      <code value="001"/>
    </coding>
  </jurisdiction>
  <copyright value="IHE http://www.ihe.net/Governance/#Intellectual_Property"/>
  <kind value="requirements"/>
  <fhirVersion value="4.0.0"/>
  <format value="application/fhir+xml"/>
  <format value="application/fhir+json"/>
  <rest>
    <mode value="server"/>
    <resource>
      <type value="DocumentReference"/>
      <profile value="https://profiles.ihe.net/ITI/MHD/StructureDefinition/IHE.MHD.Query.Minimal.DocumentReference"/>
      <interaction>
        <code value="read"/>
      </interaction>
      <interaction>
        <code value="search-type"/>
      </interaction>
      <searchParam>
        <name value="_id"/>
        <definition value="http://hl7.org/fhir/SearchParameter/Resource-id"/>
        <type value="token"/>
        <documentation value="Logical id of this artifact"/>
      </searchParam>
      <searchParam>
        <name value="_lastupdated"/>
        <definition value="http://hl7.org/fhir/SearchParameter/Resource-lastUpdated"/>
        <type value="date"/>
        <documentation value="When the resource version last changed"/>
      </searchParam>
      <searchParam>
        <name value="author"/>
        <definition value="http://hl7.org/fhir/SearchParameter/DocumentReference-author"/>
        <type value="reference"/>
        <documentation value="Who and/or what authored the document"/>
      </searchParam>
      <searchParam>
        <name value="category"/>
        <definition value="http://hl7.org/fhir/SearchParameter/DocumentReference-category"/>
        <type value="token"/>
        <documentation value="Categorization of document"/>
      </searchParam>
      <searchParam>
        <name value="creation"/>
        <definition value="https://profiles.ihe.net/ITI/MHD/SearchParameter/DocumentReference-Creation"/>
        <type value="date"/>
        <documentation value="When this document was created"/>
      </searchParam>
      <searchParam>
        <name value="date"/>
        <definition value="http://hl7.org/fhir/SearchParameter/DocumentReference-date"/>
        <type value="date"/>
        <documentation value="When this document reference was created"/>
      </searchParam>
      <searchParam>
        <name value="event"/>
        <definition value="http://hl7.org/fhir/SearchParameter/DocumentReference-event"/>
        <type value="token"/>
        <documentation value="Main clinical acts documented"/>
      </searchParam>
      <searchParam>
        <name value="facility"/>
        <definition value="http://hl7.org/fhir/SearchParameter/DocumentReference-facility"/>
        <type value="token"/>
        <documentation value="Kind of facility where patient was seen"/>
      </searchParam>
      <searchParam>
        <name value="format"/>
        <definition value="http://hl7.org/fhir/SearchParameter/DocumentReference-format"/>
        <type value="token"/>
        <documentation value="Format/content rules for the document"/>
      </searchParam>
      <searchParam>
        <name value="identifier"/>
        <definition value="http://hl7.org/fhir/SearchParameter/clinical-identifier"/>
        <type value="token"/>
        <documentation value="The identifier for this DocumentReference"/>
      </searchParam>
      <searchParam>
        <name value="patient"/>
        <definition value="http://hl7.org/fhir/SearchParameter/clinical-patient"/>
        <type value="reference"/>
        <documentation value="Who/what is the subject of the document"/>
      </searchParam>
      <searchParam>
        <name value="period"/>
        <definition value="http://hl7.org/fhir/SearchParameter/DocumentReference-period"/>
        <type value="date"/>
        <documentation value="Time of service that is being documented"/>
      </searchParam>
      <searchParam>
        <name value="related"/>
        <definition value="http://hl7.org/fhir/SearchParameter/DocumentReference-related"/>
        <type value="reference"/>
        <documentation value="Related Resource"/>
      </searchParam>
      <searchParam>
        <name value="security-label"/>
        <definition value="http://hl7.org/fhir/SearchParameter/DocumentReference-security-label"/>
        <type value="token"/>
        <documentation value="Document security-tags"/>
      </searchParam>
      <searchParam>
        <name value="setting"/>
        <definition value="http://hl7.org/fhir/SearchParameter/DocumentReference-setting"/>
        <type value="token"/>
        <documentation value="Additional details about where the content was created (e.g. clinical specialty)"/>
      </searchParam>
      <searchParam>
        <name value="status"/>
        <definition value="http://hl7.org/fhir/SearchParameter/DocumentReference-status"/>
        <type value="token"/>
        <documentation value="current | superseded | entered-in-error"/>
      </searchParam>
      <searchParam>
        <name value="type"/>
        <definition value="http://hl7.org/fhir/SearchParameter/clinical-patient"/>
        <type value="reference"/>
        <documentation value="Kind of document (LOINC if possible)"/>
      </searchParam>
    </resource>
    <resource>
      <type value="List"/>
      <profile value="https://profiles.ihe.net/ITI/MHD/StructureDefinition/IHE.MHD.List"/>
      <supportedProfile value="https://profiles.ihe.net/ITI/MHD/StructureDefinition/IHE.MHD.UnContained.Comprehensive.SubmissionSet"/>
      <supportedProfile value="https://profiles.ihe.net/ITI/MHD/StructureDefinition/IHE.MHD.Comprehensive.SubmissionSet"/>
      <supportedProfile value="https://profiles.ihe.net/ITI/MHD/StructureDefinition/IHE.MHD.Minimal.SubmissionSet"/>
      <supportedProfile value="https://profiles.ihe.net/ITI/MHD/StructureDefinition/IHE.MHD.Comprehensive.Folder"/>
      <supportedProfile value="https://profiles.ihe.net/ITI/MHD/StructureDefinition/IHE.MHD.Minimal.Folder"/>
      <interaction>
        <code value="read"/>
      </interaction>
      <interaction>
        <code value="search-type"/>
      </interaction>
      <searchParam>
        <name value="_id"/>
        <definition value="http://hl7.org/fhir/SearchParameter/Resource-id"/>
        <type value="token"/>
        <documentation value="Logical id of this artifact"/>
      </searchParam>
      <searchParam>
        <name value="_lastupdated"/>
        <definition value="http://hl7.org/fhir/SearchParameter/Resource-lastUpdated"/>
        <type value="date"/>
        <documentation value="When the resource version last changed"/>
      </searchParam>
      <searchParam>
        <name value="code"/>
        <definition value="http://hl7.org/fhir/SearchParameter/clinical-code"/>
        <type value="token"/>
        <documentation value="This parameter, of type token, specifies the code.coding value supplied in the List Resource. The value of the code element indicates the List of type SubmissionSet or Folder as indicated."/>
      </searchParam>
      <searchParam>
        <name value="date"/>
        <definition value="http://hl7.org/fhir/SearchParameter/clinical-date"/>
        <type value="date"/>
        <documentation value="This parameter, of type date, specifies the time when the List was created."/>
      </searchParam>
      <searchParam>
        <name value="identifier"/>
        <definition value="http://hl7.org/fhir/SearchParameter/clinical-identifier"/>
        <type value="token"/>
        <documentation value="This parameter, of type token, specifies an identifier for this List. The search results represent the results of a search on List.masterIdentifier and List.identifier. See ITI TF-2x: Appendix Z.2 for additional constraints on the use of the token search parameter type."/>
      </searchParam>
      <searchParam>
        <name value="subject"/>
        <definition value="http://hl7.org/fhir/SearchParameter/clinical-patient"/>
        <type value="reference"/>
        <documentation value="This parameter is of type Reference(Patient). The Document Consumer may get this reference through the use of the PDQm or PIXm Profiles, or by some other method. When the patient parameter is used, the Patient reference would need to be accessible to both the Document Consumer and the Document Responder."/>
      </searchParam>
      <searchParam>
        <name value="source"/>
        <definition value="http://hl7.org/fhir/SearchParameter/List-source"/>
        <type value="reference"/>
        <documentation value="These parameters, of type string, specify the name parts of the author person which is associated with the List. See ITI TF-2x: Appendix Z.2 for use of the string data type."/>
      </searchParam>
      <searchParam>
        <name value="status"/>
        <definition value="http://hl7.org/fhir/SearchParameter/List-status"/>
        <type value="token"/>
        <documentation value="This parameter, of type token, specifies the status of the List. If included in the query, the Document Consumer shall populate the code portion of the token with one of the codes in the following Table 3.66.4.1.2.1-1: Values for code for status of List. The system portion of the token shall not be populated."/>
      </searchParam>
      <searchParam>
        <name value="designationType"/>
        <definition value="https://profiles.ihe.net/ITI/MHD/SearchParameter/List-DesignationType"/>
        <type value="token"/>
        <documentation value="This IHE extension on parameters defined as SearchParameter/List-DesignationType, of type token, specifies the designation type of the List. The value of the designation type element indicates the clinical purpose of the SubmissionSet or Folder. Note that servers that do not support this extended search parameter will ignore it, and thus return more results than expected."/>
      </searchParam>
      <searchParam>
        <name value="sourceId"/>
        <definition value="https://profiles.ihe.net/ITI/MHD/SearchParameter/List-SourceId"/>
        <type value="token"/>
        <documentation value="This IHE extension on parameters defined as SearchParameter/List-SourceId, of type token, specifies the source (author) value supplied in the List Resource."/>
      </searchParam>
    </resource>
    <resource>
      <type value="Binary"/>
      <interaction>
        <code value="read"/>
      </interaction>
    </resource>
    <interaction>
      <code value="search-system"/>
    </interaction>
  </rest>
</CapabilityStatement>