{
  "resourceType": "DocumentReference",
  "id": "ex-documentreference",
  "meta": {
    "security": [
      {
        "system": "http://terminology.hl7.org/CodeSystem/v3-ActReason",
        "code": "HTEST"
      }
    ]
  },
  "text": {
    "status": "generated",
    "div": "<div xmlns=\"http://www.w3.org/1999/xhtml\"><p><b>Generated Narrative</b></p><div style=\"display: inline-block; background-color: #d9e0e7; padding: 6px; margin: 4px; border: 1px solid #8da1b4; border-radius: 5px; line-height: 60%\"><p style=\"margin-bottom: 0px\">Resource \"ex-documentreference\" </p><p style=\"margin-bottom: 0px\">Security Labels: <span title=\"{http://terminology.hl7.org/CodeSystem/v3-ActReason http://terminology.hl7.org/CodeSystem/v3-ActReason}\">http://terminology.hl7.org/CodeSystem/v3-ActReason</span></p></div><p><b>status</b>: current</p><blockquote><p><b>content</b></p></blockquote></div>"
  },
  "status": "current",
  "content": [
    {
      "attachment": {
        "contentType": "text/plain",
        "title": "Hello World"
      }
    }
  ]
}