{"resourceType":"ImplementationGuide","id":"medigree.fhir.core","url":"http://medigree.net/fhir/core","version":"1.0.0","name":"FHIRtestingIG","title":"HL7 FHIR Testing Implementation Guide","status":"active","date":"2022-02-26","publisher":"My Organization","contact":[{"name":"My Organization","telecom":[{"system":"url","value":"http://medigree.net"},{"system":"email","value":"my-group@example.com"}]},{"name":"Bob Smith","telecom":[{"system":"email","value":"bobsmith@example.com","use":"work"}]}],"description":"IG that describes testing resources and processes in FHIR.","jurisdiction":[{"coding":[{"system":"http://unstats.un.org/unsd/methods/m49/m49.htm","code":"001","display":"World"}]}],"packageId":"medigree.fhir.core","license":"CC0-1.0","fhirVersion":["4.0.1"],"definition":{"resource":[{"reference":{"reference":"StructureDefinition/Requirement"},"name":"Requirement","exampleBoolean":false},{"reference":{"reference":"TestScript/TS1"},"name":"TS1","exampleBoolean":true}],"page":{"extension":[{"url":"http://hl7.org/fhir/tools/StructureDefinition/ig-page-name","valueUrl":"toc.html"}],"nameUrl":"toc.html","title":"Table of Contents","generation":"html","page":[{"extension":[{"url":"http://hl7.org/fhir/tools/StructureDefinition/ig-page-name","valueUrl":"index.html"}],"nameUrl":"index.html","title":"Home","generation":"html"},{"extension":[{"url":"http://hl7.org/fhir/tools/StructureDefinition/ig-page-name","valueUrl":"testplan1.html"}],"nameUrl":"testplan1.html","title":"Test Plan 1","generation":"markdown"}]},"parameter":[{"code":"copyrightyear","value":"2021+"},{"code":"releaselabel","value":"STU1"},{"code":"excludettl","value":"true"}]}}