{
  "resourceType" : "ValueSet",
  "id" : "c63a660c-c2b6-435a-93d9-d52f57050806-93",
  "url" : "http://hl7.org/fhir/comparison/ValueSet/c63a660c-c2b6-435a-93d9-d52f57050806-93",
  "name" : "IntersectionMHDprovideFolderActionsAndMHDprovideFolderActions",
  "title" : "Intersection of MHD Folder List Types ValueSet And MHD Folder List Types ValueSet",
  "status" : "active",
  "date" : "2022-02-28T20:06:45-06:00",
  "jurisdiction" : [{
    "coding" : [{
      "system" : "http://unstats.un.org/unsd/methods/m49/m49.htm",
      "code" : "001"
    }]
  }],
  "compose" : {
    "include" : [{
      "concept" : [{
        "code" : "POST"
      },
      {
        "code" : "PUT"
      }]
    }]
  },
  "expansion" : {
    "contains" : [{
      "system" : "http://hl7.org/fhir/http-verb",
      "code" : "POST",
      "display" : "POST"
    },
    {
      "system" : "http://hl7.org/fhir/http-verb",
      "code" : "PUT",
      "display" : "PUT"
    }]
  }
}