{"resourceType":"ImplementationGuide","id":"ihe.rad.ira","text":{"status":"extensions","div":"<div xmlns=\"http://www.w3.org/1999/xhtml\"><h2>IHE_RAD_IRA</h2><p>The official URL for this implementation guide is: </p><pre>https://profiles.ihe.net/RAD/IRA/ImplementationGuide/ihe.rad.ira</pre><div><p>The Integrated Reporting Applications (IRA) profile helps applications that are used together during reporting (e.g., image display, report creator, clinical applications, AI tools, etc) to share information using a standard called FHIRcast. Each application can share what it is doing and the data it is creating, referred to as Context and Content, respectively. Other applications are notified so they can then intelligently synchronize their behavior or use the new data.</p>\n</div></div>"},"url":"https://profiles.ihe.net/RAD/IRA/ImplementationGuide/ihe.rad.ira","version":"1.0.0-comment","name":"IHE_RAD_IRA","title":"Integrated Reporting Applications","status":"active","date":"2023-03-17","publisher":"IHE Radiology Technical Committee","contact":[{"telecom":[{"system":"url","value":"https://www.ihe.net/ihe_domains/radiology/"}]},{"telecom":[{"system":"email","value":"radiology@ihe.net"}]},{"name":"IHE Radiology Technical Committee","telecom":[{"system":"email","value":"radiology@ihe.net"}]}],"description":"The Integrated Reporting Applications (IRA) profile helps applications that are used together during reporting (e.g., image display, report creator, clinical applications, AI tools, etc) to share information using a standard called FHIRcast. Each application can share what it is doing and the data it is creating, referred to as Context and Content, respectively. Other applications are notified so they can then intelligently synchronize their behavior or use the new data.","jurisdiction":[{"coding":[{"system":"http://unstats.un.org/unsd/methods/m49/m49.htm","code":"001"}]}],"packageId":"ihe.rad.ira","license":"CC-BY-4.0","fhirVersion":["5.0.0"],"dependsOn":[{"id":"hl7tx","extension":[{"url":"http://hl7.org/fhir/tools/StructureDefinition/implementationguide-dependency-comment","valueMarkdown":"Automatically added as a dependency - all IGs depend on HL7 Terminology"}],"uri":"http://terminology.hl7.org/ImplementationGuide/hl7.terminology","packageId":"hl7.terminology.r5","version":"5.0.0"}],"definition":{"extension":[{"extension":[{"url":"code","valueString":"copyrightyear"},{"url":"value","valueString":"2023+"}],"url":"http://hl7.org/fhir/tools/StructureDefinition/ig-parameter"},{"extension":[{"url":"code","valueString":"releaselabel"},{"url":"value","valueString":"ballot"}],"url":"http://hl7.org/fhir/tools/StructureDefinition/ig-parameter"},{"extension":[{"url":"code","valueString":"show-inherited-invariants"},{"url":"value","valueString":"false"}],"url":"http://hl7.org/fhir/tools/StructureDefinition/ig-parameter"},{"extension":[{"url":"code","valueString":"usage-stats-opt-out"},{"url":"value","valueString":"false"}],"url":"http://hl7.org/fhir/tools/StructureDefinition/ig-parameter"},{"extension":[{"url":"code","valueString":"logging"},{"url":"value","valueString":"progress"}],"url":"http://hl7.org/fhir/tools/StructureDefinition/ig-parameter"},{"extension":[{"url":"code","valueString":"shownav"},{"url":"value","valueString":"true"}],"url":"http://hl7.org/fhir/tools/StructureDefinition/ig-parameter"},{"extension":[{"url":"code","valueString":"active-tables"},{"url":"value","valueString":"false"}],"url":"http://hl7.org/fhir/tools/StructureDefinition/ig-parameter"},{"extension":[{"url":"code","valueString":"apply-contact"},{"url":"value","valueString":"true"}],"url":"http://hl7.org/fhir/tools/StructureDefinition/ig-parameter"},{"extension":[{"url":"code","valueString":"apply-jurisdiction"},{"url":"value","valueString":"true"}],"url":"http://hl7.org/fhir/tools/StructureDefinition/ig-parameter"},{"extension":[{"url":"code","valueString":"apply-publisher"},{"url":"value","valueString":"true"}],"url":"http://hl7.org/fhir/tools/StructureDefinition/ig-parameter"},{"extension":[{"url":"code","valueString":"apply-version"},{"url":"value","valueString":"true"}],"url":"http://hl7.org/fhir/tools/StructureDefinition/ig-parameter"},{"extension":[{"url":"code","valueString":"autoload-resources"},{"url":"value","valueString":"true"}],"url":"http://hl7.org/fhir/tools/StructureDefinition/ig-parameter"},{"extension":[{"url":"code","valueString":"path-liquid"},{"url":"value","valueString":"template/liquid"}],"url":"http://hl7.org/fhir/tools/StructureDefinition/ig-parameter"},{"extension":[{"url":"code","valueString":"path-liquid"},{"url":"value","valueString":"input/liquid"}],"url":"http://hl7.org/fhir/tools/StructureDefinition/ig-parameter"},{"extension":[{"url":"code","valueString":"path-qa"},{"url":"value","valueString":"temp/qa"}],"url":"http://hl7.org/fhir/tools/StructureDefinition/ig-parameter"},{"extension":[{"url":"code","valueString":"path-temp"},{"url":"value","valueString":"temp/pages"}],"url":"http://hl7.org/fhir/tools/StructureDefinition/ig-parameter"},{"extension":[{"url":"code","valueString":"path-output"},{"url":"value","valueString":"output"}],"url":"http://hl7.org/fhir/tools/StructureDefinition/ig-parameter"},{"extension":[{"url":"code","valueString":"path-suppressed-warnings"},{"url":"value","valueString":"input/ignoreWarnings.txt"}],"url":"http://hl7.org/fhir/tools/StructureDefinition/ig-parameter"},{"extension":[{"url":"code","valueString":"path-history"},{"url":"value","valueString":"https://profiles.ihe.net/RAD/IRA/history.html"}],"url":"http://hl7.org/fhir/tools/StructureDefinition/ig-parameter"},{"extension":[{"url":"code","valueString":"template-html"},{"url":"value","valueString":"template-page.html"}],"url":"http://hl7.org/fhir/tools/StructureDefinition/ig-parameter"},{"extension":[{"url":"code","valueString":"template-md"},{"url":"value","valueString":"template-page-md.html"}],"url":"http://hl7.org/fhir/tools/StructureDefinition/ig-parameter"},{"extension":[{"url":"code","valueString":"apply-context"},{"url":"value","valueString":"true"}],"url":"http://hl7.org/fhir/tools/StructureDefinition/ig-parameter"},{"extension":[{"url":"code","valueString":"apply-copyright"},{"url":"value","valueString":"true"}],"url":"http://hl7.org/fhir/tools/StructureDefinition/ig-parameter"},{"extension":[{"url":"code","valueString":"apply-license"},{"url":"value","valueString":"true"}],"url":"http://hl7.org/fhir/tools/StructureDefinition/ig-parameter"},{"extension":[{"url":"code","valueString":"fmm-definition"},{"url":"value","valueString":"http://hl7.org/fhir/versions.html#maturity"}],"url":"http://hl7.org/fhir/tools/StructureDefinition/ig-parameter"},{"extension":[{"url":"code","valueString":"propagate-status"},{"url":"value","valueString":"true"}],"url":"http://hl7.org/fhir/tools/StructureDefinition/ig-parameter"},{"extension":[{"url":"code","valueString":"excludelogbinaryformat"},{"url":"value","valueString":"true"}],"url":"http://hl7.org/fhir/tools/StructureDefinition/ig-parameter"},{"extension":[{"url":"code","valueString":"tabbed-snapshots"},{"url":"value","valueString":"true"}],"url":"http://hl7.org/fhir/tools/StructureDefinition/ig-parameter"}],"grouping":[{"id":"-str-profile","name":"Structures: Resource Profiles","description":"These define constraints on FHIR resources for systems conforming to this implementation guide."},{"id":"-ex-example","name":"Example: Example Instances","description":"These are example instances that show what data produced and consumed by systems conforming with this implementation guide might look like."}],"resource":[{"extension":[{"url":"http://hl7.org/fhir/StructureDefinition/implementationguide-page","valueUri":"StructureDefinition-diagnosticreportcontext.html"}],"reference":{"reference":"StructureDefinition/diagnosticreportcontext"},"name":"DiagnosticReport Context","description":"IHE IRA DiagnosticReport-open report context","isExample":false,"groupingId":"-str-profile"},{"extension":[{"url":"http://hl7.org/fhir/StructureDefinition/implementationguide-page","valueUri":"StructureDefinition-imagingselectioncontent.html"}],"reference":{"reference":"StructureDefinition/imagingselectioncontent"},"name":"ImagingSelection Content","description":"IHE IRA ImagingSelection Content to be used in DiagnosticReport-update","isExample":false,"groupingId":"-str-profile"},{"extension":[{"url":"http://hl7.org/fhir/StructureDefinition/implementationguide-page","valueUri":"StructureDefinition-imagingstudycontext.html"}],"reference":{"reference":"StructureDefinition/imagingstudycontext"},"name":"ImagingStudy Context","description":"IHE IRA DiagnosticReport-open study context","isExample":false,"groupingId":"-str-profile"},{"extension":[{"url":"http://hl7.org/fhir/StructureDefinition/implementationguide-page","valueUri":"StructureDefinition-ira-observation.html"}],"reference":{"reference":"StructureDefinition/ira-observation"},"name":"Observation Content","description":"IHE IRA Observation Content to be used in DiagnosticReport-update","isExample":false,"groupingId":"-str-profile"},{"extension":[{"url":"http://hl7.org/fhir/StructureDefinition/implementationguide-page","valueUri":"StructureDefinition-patientcontext.html"}],"reference":{"reference":"StructureDefinition/patientcontext"},"name":"Patient Context","description":"IHE IRA DiagnosticReport-open patient context","isExample":false,"groupingId":"-str-profile"},{"extension":[{"url":"http://hl7.org/fhir/StructureDefinition/implementationguide-page","valueUri":"DiagnosticReport-example-DiagnosticReportContext.html"}],"reference":{"reference":"DiagnosticReport/example-DiagnosticReportContext"},"name":"DiagnosticReport Context example","description":"Sample Report Context used in DiagnosticReport-open event","profile":["https://profiles.ihe.net/RAD/IRA/StructureDefinition/diagnosticreportcontext"],"groupingId":"-ex-example"},{"extension":[{"url":"http://hl7.org/fhir/StructureDefinition/implementationguide-page","valueUri":"ImagingSelection-example-ImagingSelectionContent.html"}],"reference":{"reference":"ImagingSelection/example-ImagingSelectionContent"},"name":"ImagingSelection Content example","description":"Sample ImagingSelection Content used in DiagnosticReport-update event","profile":["https://profiles.ihe.net/RAD/IRA/StructureDefinition/imagingselectioncontent"],"groupingId":"-ex-example"},{"extension":[{"url":"http://hl7.org/fhir/StructureDefinition/implementationguide-page","valueUri":"ImagingStudy-example-ImagingStudyContext.html"}],"reference":{"reference":"ImagingStudy/example-ImagingStudyContext"},"name":"ImagingStudy Context example","description":"Sample Study Context used in DiagnosticReport-open event","profile":["https://profiles.ihe.net/RAD/IRA/StructureDefinition/imagingstudycontext"],"groupingId":"-ex-example"},{"extension":[{"url":"http://hl7.org/fhir/StructureDefinition/implementationguide-page","valueUri":"Observation-example-ObservationContent.html"}],"reference":{"reference":"Observation/example-ObservationContent"},"name":"Observation Content example","description":"Sample Observation Content used in DiagnosticReport-update event","profile":["https://profiles.ihe.net/RAD/IRA/StructureDefinition/ira-observation"],"groupingId":"-ex-example"},{"extension":[{"url":"http://hl7.org/fhir/StructureDefinition/implementationguide-page","valueUri":"Patient-example-PatientContext.html"}],"reference":{"reference":"Patient/example-PatientContext"},"name":"Patient Context example","description":"Sample Patient Context used in DiagnosticReport-open event","profile":["https://profiles.ihe.net/RAD/IRA/StructureDefinition/patientcontext"],"groupingId":"-ex-example"}],"page":{"sourceUrl":"toc.html","name":"toc.html","title":"Table of Contents","generation":"html","page":[{"sourceUrl":"index.html","name":"index.html","title":"1:XX IRA Home","generation":"markdown"},{"sourceUrl":"volume-1.html","name":"volume-1.html","title":"1:XX IRA Volume 1","generation":"markdown"},{"sourceUrl":"rad-x1.html","name":"rad-x1.html","title":"2:3.X1 Subscribe to Reporting Session [RAD-X1]","generation":"markdown"},{"sourceUrl":"rad-x2.html","name":"rad-x2.html","title":"2:3.X2 Connect to Notification Channel [RAD-X2]","generation":"markdown"},{"sourceUrl":"rad-x3.html","name":"rad-x3.html","title":"2:3.X3 Open Report Context [RAD-X3]","generation":"markdown"},{"sourceUrl":"rad-x4.html","name":"rad-x4.html","title":"2:3.X4 Close Report Context [RAD-X4]","generation":"markdown"},{"sourceUrl":"rad-x5.html","name":"rad-x5.html","title":"2:3.X5 Update Report Content [RAD-X5]","generation":"markdown"},{"sourceUrl":"rad-x6.html","name":"rad-x6.html","title":"2:3.X6 Select Report Content [RAD-X6]","generation":"markdown"},{"sourceUrl":"rad-x7.html","name":"rad-x7.html","title":"2:3.X7 Unsubscribe Session [RAD-X7]","generation":"markdown"},{"sourceUrl":"rad-x8.html","name":"rad-x8.html","title":"2:3.X8 Get Current Context [RAD-X8]","generation":"markdown"},{"sourceUrl":"rad-x9.html","name":"rad-x9.html","title":"2:3.X9 Distribute Context Event [RAD-X9]","generation":"markdown"},{"sourceUrl":"rad-x10.html","name":"rad-x10.html","title":"2:3.X10 Generate SyncError Event [RAD-X10]","generation":"markdown"},{"sourceUrl":"rad-x11.html","name":"rad-x11.html","title":"2:3.X11 Notify Error [RAD-X11]","generation":"markdown"},{"sourceUrl":"example.html","name":"example.html","title":"Introduction to Examples","generation":"markdown"},{"sourceUrl":"open_study_for_reporting.html","name":"open_study_for_reporting.html","title":"Open Report Context","generation":"markdown"},{"sourceUrl":"update_study_with_measurement.html","name":"update_study_with_measurement.html","title":"Update Report Content","generation":"markdown"},{"sourceUrl":"select_study_and_observation.html","name":"select_study_and_observation.html","title":"Select Report Content","generation":"markdown"},{"sourceUrl":"update_report_status.html","name":"update_report_status.html","title":"Update Report Status","generation":"markdown"},{"sourceUrl":"close_study_after_signoff.html","name":"close_study_after_signoff.html","title":"Close Report Context","generation":"markdown"},{"sourceUrl":"testplan.html","name":"testplan.html","title":"Test Plan","generation":"markdown"},{"sourceUrl":"issues.html","name":"issues.html","title":"Significant Changes and Issues","generation":"markdown"},{"sourceUrl":"other.html","name":"other.html","title":"Changes to Other Documents","generation":"markdown"},{"sourceUrl":"download.html","name":"download.html","title":"Download and analysis","generation":"markdown"},{"sourceUrl":"artifacts.html","name":"artifacts.html","title":"Artifacts Summary","generation":"html","page":[{"sourceUrl":"StructureDefinition-diagnosticreportcontext.html","name":"StructureDefinition-diagnosticreportcontext.html","title":"DiagnosticReport Context","generation":"generated"},{"sourceUrl":"StructureDefinition-imagingselectioncontent.html","name":"StructureDefinition-imagingselectioncontent.html","title":"ImagingSelection Content","generation":"generated"},{"sourceUrl":"StructureDefinition-imagingstudycontext.html","name":"StructureDefinition-imagingstudycontext.html","title":"ImagingStudy Context","generation":"generated"},{"sourceUrl":"StructureDefinition-ira-observation.html","name":"StructureDefinition-ira-observation.html","title":"Observation Content","generation":"generated"},{"sourceUrl":"StructureDefinition-patientcontext.html","name":"StructureDefinition-patientcontext.html","title":"Patient Context","generation":"generated"},{"sourceUrl":"DiagnosticReport-example-DiagnosticReportContext.html","name":"DiagnosticReport-example-DiagnosticReportContext.html","title":"DiagnosticReport Context example","generation":"generated"},{"sourceUrl":"ImagingSelection-example-ImagingSelectionContent.html","name":"ImagingSelection-example-ImagingSelectionContent.html","title":"ImagingSelection Content example","generation":"generated"},{"sourceUrl":"ImagingStudy-example-ImagingStudyContext.html","name":"ImagingStudy-example-ImagingStudyContext.html","title":"ImagingStudy Context example","generation":"generated"},{"sourceUrl":"Observation-example-ObservationContent.html","name":"Observation-example-ObservationContent.html","title":"Observation Content example","generation":"generated"},{"sourceUrl":"Patient-example-PatientContext.html","name":"Patient-example-PatientContext.html","title":"Patient Context example","generation":"generated"}]}]},"parameter":[{"code":{"system":"http://hl7.org/fhir/guide-parameter-code","code":"path-resource"},"value":"input/resources"},{"code":{"system":"http://hl7.org/fhir/guide-parameter-code","code":"path-resource"},"value":"fsh-generated/resources"},{"code":{"system":"http://hl7.org/fhir/guide-parameter-code","code":"path-resource"},"value":"input/examples"},{"code":{"system":"http://hl7.org/fhir/guide-parameter-code","code":"path-resource"},"value":"input/capabilities"},{"code":{"system":"http://hl7.org/fhir/guide-parameter-code","code":"path-resource"},"value":"input/extensions"},{"code":{"system":"http://hl7.org/fhir/guide-parameter-code","code":"path-resource"},"value":"input/models"},{"code":{"system":"http://hl7.org/fhir/guide-parameter-code","code":"path-resource"},"value":"input/operations"},{"code":{"system":"http://hl7.org/fhir/guide-parameter-code","code":"path-resource"},"value":"input/profiles"},{"code":{"system":"http://hl7.org/fhir/guide-parameter-code","code":"path-resource"},"value":"input/vocabulary"},{"code":{"system":"http://hl7.org/fhir/guide-parameter-code","code":"path-resource"},"value":"input/testing"},{"code":{"system":"http://hl7.org/fhir/guide-parameter-code","code":"path-resource"},"value":"input/history"},{"code":{"system":"http://hl7.org/fhir/guide-parameter-code","code":"path-pages"},"value":"template/config"},{"code":{"system":"http://hl7.org/fhir/guide-parameter-code","code":"path-pages"},"value":"input/images"},{"code":{"system":"http://hl7.org/fhir/guide-parameter-code","code":"path-tx-cache"},"value":"input-cache/txcache"},{"code":{"system":"http://hl7.org/fhir/tools/CodeSystem/ig-parameters","code":"copyrightyear"},"value":"2023+"},{"code":{"system":"http://hl7.org/fhir/tools/CodeSystem/ig-parameters","code":"releaselabel"},"value":"ballot"},{"code":{"system":"http://hl7.org/fhir/tools/CodeSystem/ig-parameters","code":"show-inherited-invariants"},"value":"false"},{"code":{"system":"http://hl7.org/fhir/tools/CodeSystem/ig-parameters","code":"usage-stats-opt-out"},"value":"false"},{"code":{"system":"http://hl7.org/fhir/tools/CodeSystem/ig-parameters","code":"logging"},"value":"progress"},{"code":{"system":"http://hl7.org/fhir/tools/CodeSystem/ig-parameters","code":"shownav"},"value":"true"},{"code":{"system":"http://hl7.org/fhir/tools/CodeSystem/ig-parameters","code":"active-tables"},"value":"false"},{"code":{"system":"http://hl7.org/fhir/tools/CodeSystem/ig-parameters","code":"apply-contact"},"value":"true"},{"code":{"system":"http://hl7.org/fhir/tools/CodeSystem/ig-parameters","code":"apply-jurisdiction"},"value":"true"},{"code":{"system":"http://hl7.org/fhir/tools/CodeSystem/ig-parameters","code":"apply-publisher"},"value":"true"},{"code":{"system":"http://hl7.org/fhir/tools/CodeSystem/ig-parameters","code":"apply-version"},"value":"true"},{"code":{"system":"http://hl7.org/fhir/tools/CodeSystem/ig-parameters","code":"autoload-resources"},"value":"true"},{"code":{"system":"http://hl7.org/fhir/tools/CodeSystem/ig-parameters","code":"path-liquid"},"value":"template/liquid"},{"code":{"system":"http://hl7.org/fhir/tools/CodeSystem/ig-parameters","code":"path-liquid"},"value":"input/liquid"},{"code":{"system":"http://hl7.org/fhir/tools/CodeSystem/ig-parameters","code":"path-qa"},"value":"temp/qa"},{"code":{"system":"http://hl7.org/fhir/tools/CodeSystem/ig-parameters","code":"path-temp"},"value":"temp/pages"},{"code":{"system":"http://hl7.org/fhir/tools/CodeSystem/ig-parameters","code":"path-output"},"value":"output"},{"code":{"system":"http://hl7.org/fhir/tools/CodeSystem/ig-parameters","code":"path-suppressed-warnings"},"value":"input/ignoreWarnings.txt"},{"code":{"system":"http://hl7.org/fhir/tools/CodeSystem/ig-parameters","code":"path-history"},"value":"https://profiles.ihe.net/RAD/IRA/history.html"},{"code":{"system":"http://hl7.org/fhir/tools/CodeSystem/ig-parameters","code":"template-html"},"value":"template-page.html"},{"code":{"system":"http://hl7.org/fhir/tools/CodeSystem/ig-parameters","code":"template-md"},"value":"template-page-md.html"},{"code":{"system":"http://hl7.org/fhir/tools/CodeSystem/ig-parameters","code":"apply-context"},"value":"true"},{"code":{"system":"http://hl7.org/fhir/tools/CodeSystem/ig-parameters","code":"apply-copyright"},"value":"true"},{"code":{"system":"http://hl7.org/fhir/tools/CodeSystem/ig-parameters","code":"apply-license"},"value":"true"},{"code":{"system":"http://hl7.org/fhir/tools/CodeSystem/ig-parameters","code":"fmm-definition"},"value":"http://hl7.org/fhir/versions.html#maturity"},{"code":{"system":"http://hl7.org/fhir/tools/CodeSystem/ig-parameters","code":"propagate-status"},"value":"true"},{"code":{"system":"http://hl7.org/fhir/tools/CodeSystem/ig-parameters","code":"excludelogbinaryformat"},"value":"true"},{"code":{"system":"http://hl7.org/fhir/tools/CodeSystem/ig-parameters","code":"tabbed-snapshots"},"value":"true"},{"code":{"system":"http://hl7.org/fhir/tools/CodeSystem/ig-parameters","code":"copyrightyear"},"value":"2023+"},{"code":{"system":"http://hl7.org/fhir/tools/CodeSystem/ig-parameters","code":"releaselabel"},"value":"ballot"},{"code":{"system":"http://hl7.org/fhir/tools/CodeSystem/ig-parameters","code":"show-inherited-invariants"},"value":"false"},{"code":{"system":"http://hl7.org/fhir/tools/CodeSystem/ig-parameters","code":"usage-stats-opt-out"},"value":"false"},{"code":{"system":"http://hl7.org/fhir/tools/CodeSystem/ig-parameters","code":"logging"},"value":"progress"},{"code":{"system":"http://hl7.org/fhir/tools/CodeSystem/ig-parameters","code":"shownav"},"value":"true"},{"code":{"system":"http://hl7.org/fhir/tools/CodeSystem/ig-parameters","code":"active-tables"},"value":"false"},{"code":{"system":"http://hl7.org/fhir/tools/CodeSystem/ig-parameters","code":"apply-contact"},"value":"true"},{"code":{"system":"http://hl7.org/fhir/tools/CodeSystem/ig-parameters","code":"apply-jurisdiction"},"value":"true"},{"code":{"system":"http://hl7.org/fhir/tools/CodeSystem/ig-parameters","code":"apply-publisher"},"value":"true"},{"code":{"system":"http://hl7.org/fhir/tools/CodeSystem/ig-parameters","code":"apply-version"},"value":"true"},{"code":{"system":"http://hl7.org/fhir/tools/CodeSystem/ig-parameters","code":"autoload-resources"},"value":"true"},{"code":{"system":"http://hl7.org/fhir/tools/CodeSystem/ig-parameters","code":"path-liquid"},"value":"template/liquid"},{"code":{"system":"http://hl7.org/fhir/tools/CodeSystem/ig-parameters","code":"path-liquid"},"value":"input/liquid"},{"code":{"system":"http://hl7.org/fhir/tools/CodeSystem/ig-parameters","code":"path-qa"},"value":"temp/qa"},{"code":{"system":"http://hl7.org/fhir/tools/CodeSystem/ig-parameters","code":"path-temp"},"value":"temp/pages"},{"code":{"system":"http://hl7.org/fhir/tools/CodeSystem/ig-parameters","code":"path-output"},"value":"output"},{"code":{"system":"http://hl7.org/fhir/tools/CodeSystem/ig-parameters","code":"path-suppressed-warnings"},"value":"input/ignoreWarnings.txt"},{"code":{"system":"http://hl7.org/fhir/tools/CodeSystem/ig-parameters","code":"path-history"},"value":"https://profiles.ihe.net/RAD/IRA/history.html"},{"code":{"system":"http://hl7.org/fhir/tools/CodeSystem/ig-parameters","code":"template-html"},"value":"template-page.html"},{"code":{"system":"http://hl7.org/fhir/tools/CodeSystem/ig-parameters","code":"template-md"},"value":"template-page-md.html"},{"code":{"system":"http://hl7.org/fhir/tools/CodeSystem/ig-parameters","code":"apply-context"},"value":"true"},{"code":{"system":"http://hl7.org/fhir/tools/CodeSystem/ig-parameters","code":"apply-copyright"},"value":"true"},{"code":{"system":"http://hl7.org/fhir/tools/CodeSystem/ig-parameters","code":"apply-license"},"value":"true"},{"code":{"system":"http://hl7.org/fhir/tools/CodeSystem/ig-parameters","code":"fmm-definition"},"value":"http://hl7.org/fhir/versions.html#maturity"},{"code":{"system":"http://hl7.org/fhir/tools/CodeSystem/ig-parameters","code":"propagate-status"},"value":"true"},{"code":{"system":"http://hl7.org/fhir/tools/CodeSystem/ig-parameters","code":"excludelogbinaryformat"},"value":"true"},{"code":{"system":"http://hl7.org/fhir/tools/CodeSystem/ig-parameters","code":"tabbed-snapshots"},"value":"true"}]}}