{
  "resourceType": "AuditEvent",
  "id": "ex-AuditSvcmValueSetExpand",
  "meta": {
    "profile": [
      "https://profiles.ihe.net/ITI/SVCM/StructureDefinition/IHE.SVCM.Audit.ValueSet.Expand"
    ]
  },
  "text": {
    "status": "generated",
    "div": "<div xmlns=\"http://www.w3.org/1999/xhtml\"><p><b>Generated Narrative: AuditEvent</b></p><div style=\"display: inline-block; background-color: #d9e0e7; padding: 6px; margin: 4px; border: 1px solid #8da1b4; border-radius: 5px; line-height: 60%\"><p style=\"margin-bottom: 0px\">Resource AuditEvent \"ex-AuditSvcmValueSetExpand\" </p><p style=\"margin-bottom: 0px\">Profile: <a href=\"StructureDefinition-IHE.SVCM.Audit.ValueSet.Expand.html\">Audit Event for Expand Value Set Transaction by the Terminology Consumer and Repository</a></p></div><p><b>type</b>: Restful Operation (Details: http://terminology.hl7.org/CodeSystem/audit-event-type code rest = 'RESTful Operation', stated as 'Restful Operation')</p><p><b>subtype</b>: Expand Value Set (Details: urn:ihe:event-type-code code ITI-97 = 'ITI-97', stated as 'Expand Value Set'), read (Details: http://hl7.org/fhir/restful-interaction code read = 'read', stated as 'read')</p><p><b>recorded</b>: Apr 13, 2022, 2:33:45 PM</p><blockquote><p><b>agent</b></p><p><b>type</b>: Destination Role ID <span style=\"background: LightGoldenRodYellow; margin: 4px; border: 1px solid khaki\"> (<a href=\"http://terminology.hl7.org/3.1.0/CodeSystem-v3-DCM.html\">DICOM</a>#110152)</span></p><p><b>who</b>: <span>: myMachine.example.org</span></p><p><b>requestor</b>: false</p><h3>Networks</h3><table class=\"grid\"><tr><td>-</td><td><b>Address</b></td><td><b>Type</b></td></tr><tr><td>*</td><td>2001:0db8:85a3:0000:0000:8a2e:0370:7334</td><td>2</td></tr></table></blockquote><blockquote><p><b>agent</b></p><p><b>type</b>: Source Role ID <span style=\"background: LightGoldenRodYellow; margin: 4px; border: 1px solid khaki\"> (<a href=\"http://terminology.hl7.org/3.1.0/CodeSystem-v3-DCM.html\">DICOM</a>#110153)</span></p><p><b>who</b>: <a href=\"Device-ex-device.html\">Device/ex-device</a></p><p><b>requestor</b>: false</p><h3>Networks</h3><table class=\"grid\"><tr><td>-</td><td><b>Address</b></td><td><b>Type</b></td></tr><tr><td>*</td><td>http://server.example.com/fhir</td><td>5</td></tr></table></blockquote><h3>Sources</h3><table class=\"grid\"><tr><td>-</td><td><b>Site</b></td><td><b>Observer</b></td><td><b>Type</b></td></tr><tr><td>*</td><td>server.example.com</td><td><a href=\"Device-ex-device.html\">Device/ex-device</a></td><td>Application Server (Details: http://terminology.hl7.org/CodeSystem/security-source-type code 4 = 'Application Server', stated as 'Application Server')</td></tr></table><h3>Entities</h3><table class=\"grid\"><tr><td>-</td><td><b>What</b></td><td><b>Type</b></td></tr><tr><td>*</td><td><a href=\"ValueSet-svcm-example-valueset.html\">ValueSet/svcm-example-valueset</a> \"SVCMExampleValueSet\"</td><td>System Object (Details: http://terminology.hl7.org/CodeSystem/audit-entity-type code 2 = 'System Object', stated as 'System Object')</td></tr></table></div>"
  },
  "type": {
    "system": "http://terminology.hl7.org/CodeSystem/audit-event-type",
    "code": "rest",
    "display": "Restful Operation"
  },
  "subtype": [
    {
      "system": "urn:ihe:event-type-code",
      "code": "ITI-97",
      "display": "Expand Value Set"
    },
    {
      "system": "http://hl7.org/fhir/restful-interaction",
      "code": "read",
      "display": "read"
    }
  ],
  "recorded": "2022-04-13T19:33:45Z",
  "agent": [
    {
      "type": {
        "coding": [
          {
            "system": "http://dicom.nema.org/resources/ontology/DCM",
            "code": "110152",
            "display": "Destination Role ID"
          }
        ]
      },
      "who": {
        "display": "myMachine.example.org"
      },
      "requestor": false,
      "network": {
        "address": "2001:0db8:85a3:0000:0000:8a2e:0370:7334",
        "type": "2"
      }
    },
    {
      "type": {
        "coding": [
          {
            "system": "http://dicom.nema.org/resources/ontology/DCM",
            "code": "110153",
            "display": "Source Role ID"
          }
        ]
      },
      "who": {
        "reference": "Device/ex-device"
      },
      "requestor": false,
      "network": {
        "address": "http://server.example.com/fhir",
        "type": "5"
      }
    }
  ],
  "source": {
    "site": "server.example.com",
    "observer": {
      "reference": "Device/ex-device"
    },
    "type": [
      {
        "system": "http://terminology.hl7.org/CodeSystem/security-source-type",
        "code": "4",
        "display": "Application Server"
      }
    ]
  },
  "entity": [
    {
      "what": {
        "reference": "ValueSet/svcm-example-valueset"
      },
      "type": {
        "system": "http://terminology.hl7.org/CodeSystem/audit-entity-type",
        "code": "2",
        "display": "System Object"
      }
    }
  ]
}