<?xml version="1.0" encoding="UTF-8"?>

<Bundle xmlns="http://hl7.org/fhir">
  <id value="9d3322a5-4647-43b9-ba41-211f2b31e928"/>
  <meta>
    <lastUpdated value="2022-08-12T07:17:00.533-05:00"/>
  </meta>
  <type value="collection"/>
  <entry>
    <fullUrl value="http://example.org/svcm/example-valueset"/>
    <resource>
      <ValueSet>
        <id value="svcm-example-valueset"/>
        <meta>
          <profile value="https://profiles.ihe.net/ITI/SVCM/StructureDefinition/IHE.SVCM.ValueSet"/>
        </meta>
        <text>
          <status value="generated"/>
          <div xmlns="http://www.w3.org/1999/xhtml">
            <p>This value set contains 1 concepts</p>
            <p style="border: black 1px dotted; background-color: #EEEEEE; padding: 8px; margin-bottom: 8px">Expansion based on 
              <a href="CodeSystem-svcm-example-codesystem.html">SVCM Example CodeSystem v1.4.0 (CodeSystem)</a>
            </p>
            <p>All codes in this table are from the system 
              <a href="CodeSystem-svcm-example-codesystem.html">
                <code>http://example.org/svcm/example</code>
              </a>
            </p>
            <table class="codes">
              <tr>
                <td style="white-space:nowrap">
                  <b>Code</b>
                </td>
                <td>
                  <b>Display</b>
                </td>
                <td>
                  <b>Definition</b>
                </td>
              </tr>
              <tr>
                <td style="white-space:nowrap">
                  <a name="http---example.org-svcm-example-example"> </a>  
                  <a href="CodeSystem-svcm-example-codesystem.html#svcm-example-codesystem-example">example</a>
                </td>
                <td>Example</td>
                <td>Example Concept</td>
              </tr>
            </table>
          </div>
        </text>
        <url value="http://example.org/svcm/example-valueset"/>
        <version value="1.4.0"/>
        <name value="SVCMExampleValueSet"/>
        <title value="SVCM Example ValueSet"/>
        <status value="active"/>
        <date value="2022-08-12T07:17:00-05:00"/>
        <publisher value="IHE IT Infrastructure Technical Committee"/>
        <contact>
          <telecom>
            <system value="url"/>
            <value value="https://www.ihe.net/ihe_domains/it_infrastructure/"/>
          </telecom>
        </contact>
        <contact>
          <telecom>
            <system value="email"/>
            <value value="iti@ihe.net"/>
          </telecom>
        </contact>
        <contact>
          <name value="IHE IT Infrastructure Technical Committee"/>
          <telecom>
            <system value="email"/>
            <value value="iti@ihe.net"/>
          </telecom>
        </contact>
        <description value="An example ValueSet for SVCM"/>
        <jurisdiction>
          <coding>
            <system value="http://unstats.un.org/unsd/methods/m49/m49.htm"/>
            <code value="001"/>
          </coding>
        </jurisdiction>
        <expansion>
          <identifier value="urn:uuid:7404c10c-0ea8-4bdb-9fb8-e31e3cf18cad"/>
          <timestamp value="2022-08-12T07:18:00-05:00"/>
          <total value="1"/>
          <parameter>
            <name value="excludeNested"/>
            <valueBoolean value="false"/>
          </parameter>
          <parameter>
            <name value="version"/>
            <valueUri value="http://example.org/svcm/example|1.4.0"/>
          </parameter>
          <contains>
            <system value="http://example.org/svcm/example"/>
            <code value="example"/>
            <display value="Example"/>
          </contains>
        </expansion>
      </ValueSet>
    </resource>
  </entry>
  <entry>
    <fullUrl value="http://example.org/svcm/example2-valueset"/>
    <resource>
      <ValueSet>
        <id value="svcm-example2-valueset"/>
        <meta>
          <profile value="https://profiles.ihe.net/ITI/SVCM/StructureDefinition/IHE.SVCM.ValueSet"/>
        </meta>
        <text>
          <status value="generated"/>
          <div xmlns="http://www.w3.org/1999/xhtml">
            <p>This value set contains 1 concepts</p>
            <p style="border: black 1px dotted; background-color: #EEEEEE; padding: 8px; margin-bottom: 8px">Expansion based on 
              <a href="CodeSystem-svcm-example-codesystem2.html">SVCM Example 2 CodeSystem v1.4.0 (CodeSystem)</a>
            </p>
            <p>All codes in this table are from the system 
              <a href="CodeSystem-svcm-example-codesystem2.html">
                <code>http://example.org/svcm/example2</code>
              </a>
            </p>
            <table class="codes">
              <tr>
                <td style="white-space:nowrap">
                  <b>Code</b>
                </td>
                <td>
                  <b>Display</b>
                </td>
                <td>
                  <b>Definition</b>
                </td>
              </tr>
              <tr>
                <td style="white-space:nowrap">
                  <a name="http---example.org-svcm-example2-example"> </a>  
                  <a href="CodeSystem-svcm-example-codesystem2.html#svcm-example-codesystem2-example">example</a>
                </td>
                <td>Example</td>
                <td>Example Concept</td>
              </tr>
            </table>
          </div>
        </text>
        <url value="http://example.org/svcm/example2-valueset"/>
        <version value="1.4.0"/>
        <name value="SVCMExample2ValueSet"/>
        <title value="SVCM Example 2 ValueSet"/>
        <status value="active"/>
        <date value="2022-08-12T07:17:00-05:00"/>
        <publisher value="IHE IT Infrastructure Technical Committee"/>
        <contact>
          <telecom>
            <system value="url"/>
            <value value="https://www.ihe.net/ihe_domains/it_infrastructure/"/>
          </telecom>
        </contact>
        <contact>
          <telecom>
            <system value="email"/>
            <value value="iti@ihe.net"/>
          </telecom>
        </contact>
        <contact>
          <name value="IHE IT Infrastructure Technical Committee"/>
          <telecom>
            <system value="email"/>
            <value value="iti@ihe.net"/>
          </telecom>
        </contact>
        <description value="An example 2 ValueSet for SVCM"/>
        <jurisdiction>
          <coding>
            <system value="http://unstats.un.org/unsd/methods/m49/m49.htm"/>
            <code value="001"/>
          </coding>
        </jurisdiction>
        <expansion>
          <identifier value="urn:uuid:53169c65-31d0-40b1-867e-c4d8098dce8a"/>
          <timestamp value="2022-08-12T07:18:00-05:00"/>
          <total value="1"/>
          <parameter>
            <name value="excludeNested"/>
            <valueBoolean value="false"/>
          </parameter>
          <parameter>
            <name value="version"/>
            <valueUri value="http://example.org/svcm/example2|1.4.0"/>
          </parameter>
          <contains>
            <system value="http://example.org/svcm/example2"/>
            <code value="example"/>
            <display value="Example"/>
          </contains>
        </expansion>
      </ValueSet>
    </resource>
  </entry>
</Bundle>