{
  "resourceType" : "CodeSystem",
  "id" : "33f2166e-e760-4022-bcad-692a6132a445-12",
  "url" : "http://hl7.org/fhir/comparison/CodeSystem/33f2166e-e760-4022-bcad-692a6132a445-12",
  "name" : "IntersectionCdfedcountryAndCdfedcountry",
  "title" : "Intersection of BeCdFedCountry And BeCdFedCountry",
  "status" : "active",
  "date" : "2022-09-30T15:02:22+00:00",
  "jurisdiction" : [{
    "coding" : [{
      "system" : "urn:iso:std:iso:3166",
      "code" : "BE",
      "display" : "Belgium"
    }]
  }],
  "concept" : [{
    "code" : "BE",
    "display" : "Belgium"
  }]
}