{
  "resourceType" : "CodeSystem",
  "id" : "2517bbc2-6391-43b0-ae53-eabc47072563-11",
  "url" : "http://hl7.org/fhir/comparison/CodeSystem/2517bbc2-6391-43b0-ae53-eabc47072563-11",
  "name" : "UnionCdfedcountryAndCdfedcountry",
  "title" : "Union of BeCdFedCountry And BeCdFedCountry",
  "status" : "active",
  "date" : "2022-09-30T15:05:23+00:00",
  "jurisdiction" : [{
    "coding" : [{
      "system" : "urn:iso:std:iso:3166",
      "code" : "BE",
      "display" : "Belgium"
    }]
  }],
  "concept" : [{
    "code" : "BE",
    "display" : "Belgium"
  }]
}