{
  "resourceType" : "CodeSystem",
  "id" : "8b6e9841-f2dc-4ce6-813f-c72ade011f79-11",
  "url" : "http://hl7.org/fhir/comparison/CodeSystem/8b6e9841-f2dc-4ce6-813f-c72ade011f79-11",
  "name" : "UnionCdfedcountryAndCdfedcountry",
  "title" : "Union of BeCdFedCountry And BeCdFedCountry",
  "status" : "active",
  "date" : "2022-09-30T15:26:33+00:00",
  "jurisdiction" : [{
    "coding" : [{
      "system" : "urn:iso:std:iso:3166",
      "code" : "BE",
      "display" : "Belgium"
    }]
  }],
  "concept" : [{
    "code" : "BE",
    "display" : "Belgium"
  }]
}