{
  "resourceType" : "CodeSystem",
  "id" : "3e0928c5-f7da-48be-8f3f-8812f2e4f38f-12",
  "url" : "http://hl7.org/fhir/comparison/CodeSystem/3e0928c5-f7da-48be-8f3f-8812f2e4f38f-12",
  "name" : "IntersectionCdfedcountryAndCdfedcountry",
  "title" : "Intersection of BeCdFedCountry And BeCdFedCountry",
  "status" : "active",
  "date" : "2022-09-30T14:22:30+00:00",
  "jurisdiction" : [{
    "coding" : [{
      "system" : "urn:iso:std:iso:3166",
      "code" : "BE",
      "display" : "Belgium"
    }]
  }],
  "concept" : [{
    "code" : "BE",
    "display" : "Belgium"
  }]
}