{
  "resourceType" : "ValueSet",
  "id" : "33ef67a4-6e74-4200-b7f6-1fb47ae4ce5e-50",
  "url" : "http://hl7.org/fhir/comparison/ValueSet/33ef67a4-6e74-4200-b7f6-1fb47ae4ce5e-50",
  "name" : "UnionBeVSPatientRelationshipTypeAndBeVSPatientRelationshipType",
  "title" : "Union of Patient Relationship Type Value Set And Patient Relationship Type Value Set",
  "status" : "active",
  "date" : "2022-10-03T19:36:09+00:00",
  "jurisdiction" : [{
    "coding" : [{
      "system" : "urn:iso:std:iso:3166",
      "code" : "BE",
      "display" : "Belgium"
    }]
  }],
  "compose" : {
    "include" : [{
      "concept" : [{
        "code" : "444191003"
      },
      {
        "code" : "444304005"
      },
      {
        "code" : "444295003"
      },
      {
        "code" : "444148008"
      },
      {
        "code" : "444055008"
      },
      {
        "code" : "444294004"
      },
      {
        "code" : "767308003"
      },
      {
        "code" : "444193000"
      },
      {
        "code" : "444301002"
      },
      {
        "code" : "444053001"
      },
      {
        "code" : "444241008"
      },
      {
        "code" : "444303004"
      },
      {
        "code" : "444302009"
      },
      {
        "code" : "444194006"
      },
      {
        "code" : "444243006"
      },
      {
        "code" : "444242001"
      },
      {
        "code" : "444293005"
      },
      {
        "code" : "444244000"
      },
      {
        "code" : "444292000"
      },
      {
        "code" : "444054007"
      },
      {
        "code" : "444192005"
      },
      {
        "code" : "739683002"
      },
      {
        "code" : "699111006"
      },
      {
        "code" : "444052006"
      },
      {
        "code" : "410604004"
      }]
    }]
  },
  "expansion" : {
    "contains" : [{
      "system" : "http://snomed.info/sct",
      "code" : "444191003",
      "display" : "Aunt of subject (person)"
    },
    {
      "system" : "http://snomed.info/sct",
      "code" : "444304005",
      "display" : "Sister of subject (person)"
    },
    {
      "system" : "http://snomed.info/sct",
      "code" : "444295003",
      "display" : "Father of subject (person)"
    },
    {
      "system" : "http://snomed.info/sct",
      "code" : "444148008",
      "display" : "Person in family of subject (person)"
    },
    {
      "system" : "http://snomed.info/sct",
      "code" : "444055008",
      "display" : "Uncle of subject (person)"
    },
    {
      "system" : "http://snomed.info/sct",
      "code" : "444294004",
      "display" : "Parent of subject (person)"
    },
    {
      "system" : "http://snomed.info/sct",
      "code" : "767308003",
      "display" : "Second degree female blood relative of subject"
    },
    {
      "system" : "http://snomed.info/sct",
      "code" : "444193000",
      "display" : "First degree blood relative of subject (person)"
    },
    {
      "system" : "http://snomed.info/sct",
      "code" : "444301002",
      "display" : "Mother of subject (person)"
    },
    {
      "system" : "http://snomed.info/sct",
      "code" : "444053001",
      "display" : "Husband of subject (person)"
    },
    {
      "system" : "http://snomed.info/sct",
      "code" : "444241008",
      "display" : "Son of subject (person)"
    },
    {
      "system" : "http://snomed.info/sct",
      "code" : "444303004",
      "display" : "Brother of subject (person)"
    },
    {
      "system" : "http://snomed.info/sct",
      "code" : "444302009",
      "display" : "Sibling of subject (person)"
    },
    {
      "system" : "http://snomed.info/sct",
      "code" : "444194006",
      "display" : "Daughter of subject (person)"
    },
    {
      "system" : "http://snomed.info/sct",
      "code" : "444243006",
      "display" : "Maternal grandfather of subject (person)"
    },
    {
      "system" : "http://snomed.info/sct",
      "code" : "444242001",
      "display" : "Grandparent of subject (person)"
    },
    {
      "system" : "http://snomed.info/sct",
      "code" : "444293005",
      "display" : "Paternal grandmother of subject (person)"
    },
    {
      "system" : "http://snomed.info/sct",
      "code" : "444244000",
      "display" : "Maternal grandmother of subject (person)"
    },
    {
      "system" : "http://snomed.info/sct",
      "code" : "444292000",
      "display" : "Paternal grandfather of subject (person)"
    },
    {
      "system" : "http://snomed.info/sct",
      "code" : "444054007",
      "display" : "Wife of subject (person)"
    },
    {
      "system" : "http://snomed.info/sct",
      "code" : "444192005",
      "display" : "Child of subject (person)"
    },
    {
      "system" : "http://snomed.info/sct",
      "code" : "739683002",
      "display" : "Infant of subject (person)"
    },
    {
      "system" : "http://snomed.info/sct",
      "code" : "699111006",
      "display" : "Second degree blood relative of subject (person)"
    },
    {
      "system" : "http://snomed.info/sct",
      "code" : "444052006",
      "display" : "Spouse of subject (person)"
    },
    {
      "system" : "http://snomed.info/sct",
      "code" : "410604004",
      "display" : "Subject of record (person)"
    }]
  }
}