<?xml version="1.0" encoding="UTF-8"?>

<Endpoint xmlns="http://hl7.org/fhir">
  <id value="ex-ImagingStudyEndpoint-Series"/>
  <meta>
    <profile value="https://profiles.ihe.net/RAD/IMR/StructureDefinition/imaging-study-endpoint"/>
  </meta>
  <text>
    <status value="generated"/><div xmlns="http://www.w3.org/1999/xhtml"><p><b>Generated Narrative</b></p><div style="display: inline-block; background-color: #d9e0e7; padding: 6px; margin: 4px; border: 1px solid #8da1b4; border-radius: 5px; line-height: 60%"><p style="margin-bottom: 0px">Resource "ex-ImagingStudyEndpoint-Series" </p><p style="margin-bottom: 0px">Profile: <a href="StructureDefinition-imaging-study-endpoint.html">Imaging Study Endpoint</a></p></div><p><b>status</b>: active</p><p><b>connectionType</b>: DICOM WADO-RS (Details: http://terminology.hl7.org/CodeSystem/endpoint-connection-type code dicom-wado-rs = 'DICOM WADO-RS', stated as 'DICOM WADO-RS')</p><p><b>payloadType</b>: Series <span style="background: LightGoldenRodYellow; margin: 4px; border: 1px solid khaki"> (<a href="http://terminology.hl7.org/3.1.0/CodeSystem-v3-DCM.html">DICOM</a>#113015)</span></p><p><b>address</b>: <a href="http://my.example.com/wadors/study/1.2.3.4.5/series/11.22.33.44.55">http://my.example.com/wadors/study/1.2.3.4.5/series/11.22.33.44.55</a></p></div>
  </text>
  <status value="active"/>
  <connectionType>
    <system value="http://terminology.hl7.org/CodeSystem/endpoint-connection-type"/>
    <code value="dicom-wado-rs"/>
    <display value="DICOM WADO-RS"/>
  </connectionType>
  <payloadType>
    <coding>
      <system value="http://dicom.nema.org/resources/ontology/DCM"/>
      <code value="113015"/>
      <display value="Series"/>
    </coding>
  </payloadType>
  <address value="http://my.example.com/wadors/study/1.2.3.4.5/series/11.22.33.44.55"/>
</Endpoint>