<?xml version="1.0" encoding="UTF-8"?>

<ValueSet xmlns="http://hl7.org/fhir">
  <id value="imaging-study-endpoint-connectiontype-vs"/>
  <text>
    <status value="extensions"/><div xmlns="http://www.w3.org/1999/xhtml"><ul><li>Include these codes as defined in <a href="http://terminology.hl7.org/3.1.0/CodeSystem-endpoint-connection-type.html"><code>http://terminology.hl7.org/CodeSystem/endpoint-connection-type</code></a><table class="none"><tr><td style="white-space:nowrap"><b>Code</b></td><td><b>Display</b></td><td><b>Definition</b></td></tr><tr><td><a href="http://terminology.hl7.org/3.1.0/CodeSystem-endpoint-connection-type.html#endpoint-connection-type-ihe-iid">ihe-iid</a></td><td>IHE IDD</td><td>IHE Invoke Image Display (IID) - http://wiki.ihe.net/index.php/Invoke_Image_Display</td></tr><tr><td><a href="http://terminology.hl7.org/3.1.0/CodeSystem-endpoint-connection-type.html#endpoint-connection-type-dicom-wado-rs">dicom-wado-rs</a></td><td>DICOM WADO-RS</td><td>DICOMweb RESTful Image Retrieve - http://dicom.nema.org/medical/dicom/current/output/chtml/part18/sect_6.5.html</td></tr></table></li></ul></div>
  </text>
  <url value="https://profiles.ihe.net/RAD/IMR/ValueSet/imaging-study-endpoint-connectiontype-vs"/>
  <version value="1.0.0"/>
  <name value="ImagingStudyEndpointConnectionTypeVS"/>
  <title value="Imaging Study Endpoint ConnectionType Value Set"/>
  <status value="active"/>
  <date value="2022-07-25T14:40:04-05:00"/>
  <publisher value="IHE Radiology Technical Committee"/>
  <contact>
    <telecom>
      <system value="url"/>
      <value value="https://www.ihe.net/ihe_domains/radiology/"/>
    </telecom>
  </contact>
  <contact>
    <telecom>
      <system value="email"/>
      <value value="radiology@ihe.net"/>
    </telecom>
  </contact>
  <contact>
    <name value="IHE Radiology Technical Committee"/>
    <telecom>
      <system value="email"/>
      <value value="radiology@ihe.net"/>
    </telecom>
  </contact>
  <description value="Codes representing the applicable endpoint connectionType to retrieve a study."/>
  <jurisdiction>
    <coding>
      <system value="http://unstats.un.org/unsd/methods/m49/m49.htm"/>
      <code value="001"/>
    </coding>
  </jurisdiction>
  <compose>
    <include>
      <system value="http://terminology.hl7.org/CodeSystem/endpoint-connection-type"/>
      <concept>
        <code value="ihe-iid"/>
        <display value="IHE IDD"/>
      </concept>
      <concept>
        <code value="dicom-wado-rs"/>
        <display value="DICOM WADO-RS"/>
      </concept>
    </include>
  </compose>
</ValueSet>