{"resourceType":"TestScript","id":"TS1","extension":[{"extension":[{"url":"artifact","valueCanonical":"#Req1"},{"url":"conformance","valueCodeableConcept":{"coding":[{"system":"http://terminology.hl7.org/CodeSystem/testscript-scope-conformance-codes","code":"required","display":"Required"}]}}],"url":"http://hl7.org/fhir/5.0/StructureDefinition/extension-TestScript.scope"}],"url":"medigree.net/fhir/testing/testscript-1","version":"1.0.0","name":"A test script","status":"active","date":"2023-09-19T21:00:55+00:00","publisher":"My Organization","contact":[{"name":"My Organization","telecom":[{"system":"url","value":"http://medigree.net"},{"system":"email","value":"my-group@example.com"}]},{"name":"Bob Smith","telecom":[{"system":"email","value":"bobsmith@example.com","use":"work"}]}],"jurisdiction":[{"coding":[{"system":"http://unstats.un.org/unsd/methods/m49/m49.htm","code":"001","display":"World"}]}],"test":[{"name":"CapabilityStatement","description":"Get a server's CapabilityStatement and validate response.","action":[{"operation":{"type":{"system":"http://terminology.hl7.org/CodeSystem/testscript-operation-codes","code":"read"},"description":"Get the server's metadata","accept":"xml","encodeRequestUrl":true,"params":"?_format=xml","url":"http://test.fhir.org/r4/metadata"}},{"assert":{"description":"Confirm that the returned HTTP status is 200(OK).","response":"okay","warningOnly":false}},{"assert":{"description":"Confirm that the returned format is XML.","contentType":"xml","warningOnly":false}},{"assert":{"description":"Confirm that the returned resource type is CapabilityStatement.","resource":"Bundle","warningOnly":false}}]}]}