<?xml version="1.0" encoding="UTF-8"?>

<!--  record a Provenance history entry for each revision of FormatCodes  -->
<Bundle xmlns="http://hl7.org/fhir">
  <id value="history-IHE-formatcode.valueset"/>
  <type value="collection"/>
<!--  includes Provenance record for each revision of the IHE FormatCode ValueSet -->
  <entry>
    <fullUrl value="https://profiles.ihe.net/fhir/ihe.formatcode.fhir/Provenance/20201028"/>
    <resource>
      <Provenance>
        <id value="formatcode-provenance-20201028"/>
        <text>
          <status value="generated"/><div xmlns="http://www.w3.org/1999/xhtml"><p><b>Generated Narrative</b></p><div style="display: inline-block; background-color: #d9e0e7; padding: 6px; margin: 4px; border: 1px solid #8da1b4; border-radius: 5px; line-height: 60%"><p style="margin-bottom: 0px">Resource "formatcode-provenance-20201028" </p></div><p><b>target</b>: <a href="http://ihe.net/fhir/ihe.formatcode.fhir/ValueSet/formatcode">http://ihe.net/fhir/ihe.formatcode.fhir/ValueSet/formatcode</a> "IHE_FormatCode_vs"</p><p><b>occurred</b>: ?? --&gt; 2020-10-28</p><p><b>recorded</b>: Oct 28, 2020 8:00:00 AM</p><p><b>reason</b>: Add the include for the HL7 managed FormatCode vocabulary. <span style="background: LightGoldenRodYellow; margin: 4px; border: 1px solid khaki"> (<a href="http://terminology.hl7.org/3.0.0/CodeSystem-v3-ActReason.html">ActReason</a>#METAMGT)</span></p><p><b>activity</b>: revise <span style="background: LightGoldenRodYellow; margin: 4px; border: 1px solid khaki"> (<a href="http://terminology.hl7.org/3.0.0/CodeSystem-v3-DataOperation.html">DataOperation</a>#UPDATE)</span></p><blockquote><p><b>agent</b></p><p><b>type</b>: Author <span style="background: LightGoldenRodYellow; margin: 4px; border: 1px solid khaki"> (<a href="http://terminology.hl7.org/3.0.0/CodeSystem-provenance-participant-type.html">Provenance participant type</a>#author)</span></p><p><b>who</b>: <span>: John Moehrke</span></p></blockquote><blockquote><p><b>agent</b></p><p><b>type</b>: Custodian <span style="background: LightGoldenRodYellow; margin: 4px; border: 1px solid khaki"> (<a href="http://terminology.hl7.org/3.0.0/CodeSystem-provenance-participant-type.html">Provenance participant type</a>#custodian)</span></p><p><b>who</b>: <span>: IHE ITI Domain</span></p></blockquote></div>
        </text>
        <target>
          <reference value="http://ihe.net/fhir/ihe.formatcode.fhir/ValueSet/formatcode"/>
          <type value="ValueSet"/>
        </target>
        <occurredPeriod>
          <end value="2020-10-28"/>
        </occurredPeriod>
        <recorded value="2020-10-28T13:00:00.0000Z"/>
        <reason>
          <coding>
            <system value="http://terminology.hl7.org/CodeSystem/v3-ActReason"/>
            <code value="METAMGT"/>
          </coding>
          <text value="Add the include for the HL7 managed FormatCode vocabulary."/>
        </reason>
        <activity>
          <coding>
            <system value="http://terminology.hl7.org/CodeSystem/v3-DataOperation"/>
            <code value="UPDATE"/>
          </coding>
        </activity>
        <agent>
          <type>
            <coding>
              <system value="http://terminology.hl7.org/CodeSystem/provenance-participant-type"/>
              <code value="author"/>
            </coding>
          </type>
          <who>
            <display value="John Moehrke"/>
          </who>
        </agent>
        <agent>
          <type>
            <coding>
              <system value="http://terminology.hl7.org/CodeSystem/provenance-participant-type"/>
              <code value="custodian"/>
            </coding>
          </type>
          <who>
            <display value="IHE ITI Domain"/>
          </who>
        </agent>
      </Provenance>
    </resource>
  </entry>
</Bundle>