<?xml version="1.0" encoding="UTF-8"?><ImplementationGuide xmlns="http://hl7.org/fhir"><id value="hl7.fhir.be.core"/><text><status value="extensions"/><div xmlns="http://www.w3.org/1999/xhtml"><h2>hl7fhirbecore</h2><p>The official URL for this implementation guide is: </p><pre>https://www.ehealth.fgov.be/standards/fhir/core/ImplementationGuide/hl7.fhir.be.core</pre><div><p>eHealth Platform Federal Core Profiles</p>
</div></div></text><url value="https://www.ehealth.fgov.be/standards/fhir/core/ImplementationGuide/hl7.fhir.be.core"/><version value="2.0.1"/><name value="hl7fhirbecore"/><title value="eHealth Platform Federal Core Profiles"/><status value="active"/><date value="2022-09-01"/><publisher value="eHealth Platform"/><contact><name value="eHealth Platform"/><telecom><system value="url"/><value value="https://www.ehealth.fgov.be"/></telecom><telecom><system value="email"/><value value="message-structure@www.ehealth.fgov.be"/></telecom></contact><contact><name value="Message-Structure"/><telecom><system value="email"/><value value="message-structure@www.ehealth.fgov.be"/><use value="work"/></telecom></contact><description value="eHealth Platform Federal Core Profiles"/><jurisdiction><coding><system value="urn:iso:std:iso:3166"/><code value="BE"/><display value="Belgium"/></coding></jurisdiction><packageId value="hl7.fhir.be.core"/><license value="CC0-1.0"/><fhirVersion value="4.0.1"/><dependsOn id="higtools"><uri value="http://hl7.org/fhir/tools/ImplementationGuide/hl7.fhir.uv.tools"/><packageId value="hl7.fhir.uv.tools"/><version value="current"/></dependsOn><dependsOn id="hl7tx"><uri value="http://terminology.hl7.org/ImplementationGuide/hl7.terminology"/><packageId value="hl7.terminology.r4"/><version value="4.0.0"/></dependsOn><definition><extension url="http://hl7.org/fhir/tools/StructureDefinition/ig-parameter"><extension url="code"><valueString value="copyrightyear"/></extension><extension url="value"><valueString value="2021+"/></extension></extension><extension url="http://hl7.org/fhir/tools/StructureDefinition/ig-parameter"><extension url="code"><valueString value="releaselabel"/></extension><extension url="value"><valueString value="STU1"/></extension></extension><extension url="http://hl7.org/fhir/tools/StructureDefinition/ig-parameter"><extension url="code"><valueString value="show-inherited-invariants"/></extension><extension url="value"><valueString value="false"/></extension></extension><extension url="http://hl7.org/fhir/tools/StructureDefinition/ig-parameter"><extension url="code"><valueString value="shownav"/></extension><extension url="value"><valueString value="true"/></extension></extension><extension url="http://hl7.org/fhir/tools/StructureDefinition/ig-parameter"><extension url="code"><valueString value="apply-contact"/></extension><extension url="value"><valueString value="true"/></extension></extension><extension url="http://hl7.org/fhir/tools/StructureDefinition/ig-parameter"><extension url="code"><valueString value="apply-jurisdiction"/></extension><extension url="value"><valueString value="true"/></extension></extension><extension url="http://hl7.org/fhir/tools/StructureDefinition/ig-parameter"><extension url="code"><valueString value="apply-publisher"/></extension><extension url="value"><valueString value="true"/></extension></extension><extension url="http://hl7.org/fhir/tools/StructureDefinition/ig-parameter"><extension url="code"><valueString value="apply-version"/></extension><extension url="value"><valueString value="true"/></extension></extension><extension url="http://hl7.org/fhir/tools/StructureDefinition/ig-parameter"><extension url="code"><valueString value="autoload-resources"/></extension><extension url="value"><valueString value="true"/></extension></extension><extension url="http://hl7.org/fhir/tools/StructureDefinition/ig-parameter"><extension url="code"><valueString value="path-liquid"/></extension><extension url="value"><valueString value="template/liquid"/></extension></extension><extension url="http://hl7.org/fhir/tools/StructureDefinition/ig-parameter"><extension url="code"><valueString value="path-liquid"/></extension><extension url="value"><valueString value="input/liquid"/></extension></extension><extension url="http://hl7.org/fhir/tools/StructureDefinition/ig-parameter"><extension url="code"><valueString value="path-qa"/></extension><extension url="value"><valueString value="temp/qa"/></extension></extension><extension url="http://hl7.org/fhir/tools/StructureDefinition/ig-parameter"><extension url="code"><valueString value="path-temp"/></extension><extension url="value"><valueString value="temp/pages"/></extension></extension><extension url="http://hl7.org/fhir/tools/StructureDefinition/ig-parameter"><extension url="code"><valueString value="path-output"/></extension><extension url="value"><valueString value="output"/></extension></extension><extension url="http://hl7.org/fhir/tools/StructureDefinition/ig-parameter"><extension url="code"><valueString value="path-suppressed-warnings"/></extension><extension url="value"><valueString value="input/ignoreWarnings.txt"/></extension></extension><extension url="http://hl7.org/fhir/tools/StructureDefinition/ig-parameter"><extension url="code"><valueString value="path-history"/></extension><extension url="value"><valueString value="history.html"/></extension></extension><extension url="http://hl7.org/fhir/tools/StructureDefinition/ig-parameter"><extension url="code"><valueString value="template-html"/></extension><extension url="value"><valueString value="template-page.html"/></extension></extension><extension url="http://hl7.org/fhir/tools/StructureDefinition/ig-parameter"><extension url="code"><valueString value="template-md"/></extension><extension url="value"><valueString value="template-page-md.html"/></extension></extension><extension url="http://hl7.org/fhir/tools/StructureDefinition/ig-parameter"><extension url="code"><valueString value="apply-context"/></extension><extension url="value"><valueString value="true"/></extension></extension><extension url="http://hl7.org/fhir/tools/StructureDefinition/ig-parameter"><extension url="code"><valueString value="apply-copyright"/></extension><extension url="value"><valueString value="true"/></extension></extension><extension url="http://hl7.org/fhir/tools/StructureDefinition/ig-parameter"><extension url="code"><valueString value="apply-license"/></extension><extension url="value"><valueString value="true"/></extension></extension><extension url="http://hl7.org/fhir/tools/StructureDefinition/ig-parameter"><extension url="code"><valueString value="active-tables"/></extension><extension url="value"><valueString value="true"/></extension></extension><extension url="http://hl7.org/fhir/tools/StructureDefinition/ig-parameter"><extension url="code"><valueString value="fmm-definition"/></extension><extension url="value"><valueString value="http://hl7.org/fhir/versions.html#maturity"/></extension></extension><extension url="http://hl7.org/fhir/tools/StructureDefinition/ig-parameter"><extension url="code"><valueString value="propagate-status"/></extension><extension url="value"><valueString value="true"/></extension></extension><extension url="http://hl7.org/fhir/tools/StructureDefinition/ig-parameter"><extension url="code"><valueString value="excludelogbinaryformat"/></extension><extension url="value"><valueString value="true"/></extension></extension><grouping id="-str-profile"><name value="Structures: Resource Profiles"/><description value="These define constraints on FHIR resources for systems conforming to this implementation guide"/></grouping><grouping id="-str-datatype"><name value="Structures: Data Type Profiles"/><description value="These define constraints on FHIR data types for systems conforming to this implementation guide"/></grouping><grouping id="-str-extension"><name value="Structures: Extension Definitions"/><description value="These define constraints on FHIR data types for systems conforming to this implementation guide"/></grouping><grouping id="-term-valueset"><name value="Terminology: Value Sets"/><description value="These define sets of codes used by systems conforming to this implementation guide"/></grouping><grouping id="-term-codesystem"><name value="Terminology: Code Systems"/><description value="These define new code systems used by systems conforming to this implementation guide"/></grouping><grouping id="-term-namingsystem"><name value="Terminology: Naming Systems"/><description value="These define identifier and/or code system identities used by systems conforming to this implementation guide"/></grouping><grouping id="-ex-example"><name value="Example: Example Instances"/><description value="These are example instances that show what data produced and consumed by systems conforming with this implementation guide might look like"/></grouping><resource><extension url="http://hl7.org/fhir/StructureDefinition/implementationguide-page"><valueUri value="StructureDefinition-be-address.html"/></extension><reference><reference value="StructureDefinition/be-address"/></reference><name value="BeAddress"/><description value="Belgain federal profile on address, to provide the possibility in the 'line' element to provide a seperate streetname, housenumber and postal box. It is always RECOMMENDED to give these elements seperately."/><exampleBoolean value="false"/><groupingId value="-str-datatype"/></resource><resource><extension url="http://hl7.org/fhir/StructureDefinition/implementationguide-page"><valueUri value="StructureDefinition-be-organization.html"/></extension><reference><reference value="StructureDefinition/be-organization"/></reference><name value="BeOrganization"/><description value="Belgian federal profile for an organization. Initially based on the functional description of the NIHDI."/><exampleBoolean value="false"/><groupingId value="-str-profile"/></resource><resource><extension url="http://hl7.org/fhir/StructureDefinition/implementationguide-page"><valueUri value="StructureDefinition-be-patient.html"/></extension><reference><reference value="StructureDefinition/be-patient"/></reference><name value="BePatient"/><description value="Belgian federal profile for a patient. Initially based on the functional description of the NIHDI. Special remarks for KMEHR users: following elements in KMEHR are not available in this FHIR resource. If needed, an extension can be defined in a future iteration of these specifications: the 'deathlocation' (location is not available but the death of the patient is expressed by either date or Boolean cfr. infra.), the 'insurancystatus' (covered in a seperate FHIR resource: Coverage), 'insurancymembership' (covered in a seperate FHIR resource: Coverage) and 'profession' (covered in a possible future FHIR resource: OccupationalData.)"/><exampleBoolean value="false"/><groupingId value="-str-profile"/></resource><resource><extension url="http://hl7.org/fhir/StructureDefinition/implementationguide-page"><valueUri value="StructureDefinition-be-practitioner.html"/></extension><reference><reference value="StructureDefinition/be-practitioner"/></reference><name value="BePractitioner"/><description value="Belgian federal profile for a practitioner. Initially based on the functional description of the NIHDI."/><exampleBoolean value="false"/><groupingId value="-str-profile"/></resource><resource><extension url="http://hl7.org/fhir/StructureDefinition/implementationguide-page"><valueUri value="StructureDefinition-be-practitionerrole.html"/></extension><reference><reference value="StructureDefinition/be-practitionerrole"/></reference><name value="BePractitionerRole"/><description value="Belgian federal profile for a practitioner role. Initially based on the functional description of the NIHDI."/><exampleBoolean value="false"/><groupingId value="-str-profile"/></resource><resource><extension url="http://hl7.org/fhir/StructureDefinition/implementationguide-page"><valueUri value="StructureDefinition-be-provenance.html"/></extension><reference><reference value="StructureDefinition/be-provenance"/></reference><name value="BeProvenance"/><description value="Belgian federal profile for a provenance. Note this profile does not introduce any changes from the base profile but has been created to mark its importance, &#xA;specifically when FHIR is used in a non-document approach. General use case remarks: 'Provenance of a resource is a record that describes entities and processes involved in producing and delivering or &#xA;otherwise influencing that resource.' (cfr. the HL7 base specifications) According to the FHIR specifications, the provenance resource SHALL only be provided when no other resource already plays this role: &#xA;for a Patient it SHOULD be its managing organization, provenance of an Observation SHOULD be its performer, provenance of an AllergyIntolerance SHOULD be its recorder. &#xA;'Many other FHIR resources contain some elements that represent information about how the resource was obtained, and therefore they overlap with the functionality of the Provenance.' &#xA;Special remarks for KMEHR users: The FHIR Provenance resource in general refers to an entity that had something to do with the creation or updating of something else. In a KMEHR context, &#xA;this is somewhat different – as it is ‘XML document’ based, each KMEHR message has an 'author' element that is responsible."/><exampleBoolean value="false"/><groupingId value="-str-profile"/></resource><resource><extension url="http://hl7.org/fhir/StructureDefinition/implementationguide-page"><valueUri value="StructureDefinition-be-ext-recorder.html"/></extension><reference><reference value="StructureDefinition/be-ext-recorder"/></reference><name value="BeExtRecorder"/><description value="The recorder of the information - note that this may not always be the same as the asserter - when a patient reports to a nurse and the nurse enters the data, the asserter is the patient, but the recorder is the nurse"/><exampleBoolean value="false"/><groupingId value="-str-extension"/></resource><resource><extension url="http://hl7.org/fhir/StructureDefinition/implementationguide-page"><valueUri value="StructureDefinition-be-ext-simple-note.html"/></extension><reference><reference value="StructureDefinition/be-ext-simple-note"/></reference><name value="BeExtSimpleNote"/><description value="Simple note extension if the element doesn't have a note"/><exampleBoolean value="false"/><groupingId value="-str-extension"/></resource><resource><extension url="http://hl7.org/fhir/StructureDefinition/implementationguide-page"><valueUri value="ValueSet-be-vs-care-location.html"/></extension><reference><reference value="ValueSet/be-vs-care-location"/></reference><name value="Care Location Value Set"/><description value="Care Location Value Set"/><exampleBoolean value="false"/><groupingId value="-term-valueset"/></resource><resource><extension url="http://hl7.org/fhir/StructureDefinition/implementationguide-page"><valueUri value="ValueSet-be-vs-patient-relationship-type.html"/></extension><reference><reference value="ValueSet/be-vs-patient-relationship-type"/></reference><name value="Patient Relationship Type Value Set"/><description value="Describes the patient relationship type (the relation between the patient and the person implied)"/><exampleBoolean value="false"/><groupingId value="-term-valueset"/></resource><resource><extension url="http://hl7.org/fhir/StructureDefinition/implementationguide-page"><valueUri value="CodeSystem-be-cs-care-location.html"/></extension><reference><reference value="CodeSystem/be-cs-care-location"/></reference><name value="BeCSCareLocation"/><description value="Care Location Code System"/><exampleBoolean value="false"/><groupingId value="-term-codesystem"/></resource><resource><extension url="http://hl7.org/fhir/StructureDefinition/implementationguide-page"><valueUri value="CodeSystem-cd-fed-country.html"/></extension><reference><reference value="CodeSystem/cd-fed-country"/></reference><name value="BeCdFedCountry"/><description value="FedICT country codes."/><exampleBoolean value="false"/><groupingId value="-term-codesystem"/></resource><resource><extension url="http://hl7.org/fhir/StructureDefinition/implementationguide-page"><valueUri value="CodeSystem-cd-civilstate.html"/></extension><reference><reference value="CodeSystem/cd-civilstate"/></reference><name value="BeCdCivilState"/><description value="Civil state in Belgium."/><exampleBoolean value="false"/><groupingId value="-term-codesystem"/></resource><resource><extension url="http://hl7.org/fhir/StructureDefinition/implementationguide-page"><valueUri value="CodeSystem-cd-contact-person.html"/></extension><reference><reference value="CodeSystem/cd-contact-person"/></reference><name value="BeCdContactPerson"/><description value="Contact person in Belgium."/><exampleBoolean value="false"/><groupingId value="-term-codesystem"/></resource><resource><extension url="http://hl7.org/fhir/StructureDefinition/implementationguide-page"><valueUri value="CodeSystem-cd-hcparty.html"/></extension><reference><reference value="CodeSystem/cd-hcparty"/></reference><name value="BeCdHcParty"/><description value="healthcare party in Belgium."/><exampleBoolean value="false"/><groupingId value="-term-codesystem"/></resource><resource><extension url="http://hl7.org/fhir/StructureDefinition/implementationguide-page"><valueUri value="NamingSystem-be-cbe.html"/></extension><reference><reference value="NamingSystem/be-cbe"/></reference><name value="be-cbe"/><description value="BCE/KBO"/><exampleBoolean value="false"/><groupingId value="-term-namingsystem"/></resource><resource><extension url="http://hl7.org/fhir/StructureDefinition/implementationguide-page"><valueUri value="ValueSet-be-civilstate.html"/></extension><reference><reference value="ValueSet/be-civilstate"/></reference><name value="be-civilstate"/><description value="Codes supported by eHealth Platform differentiating types of civil state. This valueset supports the Belgian federal FHIR profiling effort. Whenever possible add a code from http://terminology.hl7.org/CodeSystem/v3-MaritalStatus for international interoperability but also use https://www.ehealth.fgov.be/standards/fhir/core/CodeSystem/CD-CIVILSTATE for the Belgian specific code."/><exampleBoolean value="false"/><groupingId value="-term-valueset"/></resource><resource><extension url="http://hl7.org/fhir/StructureDefinition/implementationguide-page"><valueUri value="ValueSet-be-contactperson.html"/></extension><reference><reference value="ValueSet/be-contactperson"/></reference><name value="be-contactperson"/><description value="Maximum valuest to define category of a contact person, using the HL7 values and the Belgian CD-CONTACT-PERSON values."/><exampleBoolean value="false"/><groupingId value="-term-valueset"/></resource><resource><extension url="http://hl7.org/fhir/StructureDefinition/implementationguide-page"><valueUri value="NamingSystem-be-ehp.html"/></extension><reference><reference value="NamingSystem/be-ehp"/></reference><name value="be-ehp"/><description value="EHP"/><exampleBoolean value="false"/><groupingId value="-term-namingsystem"/></resource><resource><extension url="http://hl7.org/fhir/StructureDefinition/implementationguide-page"><valueUri value="NamingSystem-be-insurancenumber.html"/></extension><reference><reference value="NamingSystem/be-insurancenumber"/></reference><name value="be-insurancenumber"/><description value="insurance number"/><exampleBoolean value="false"/><groupingId value="-term-namingsystem"/></resource><resource><extension url="http://hl7.org/fhir/StructureDefinition/implementationguide-page"><valueUri value="NamingSystem-be-insurancymembership.html"/></extension><reference><reference value="NamingSystem/be-insurancymembership"/></reference><name value="be-insurancymembership"/><description value="Membership number of a patient with an insurance organization"/><exampleBoolean value="false"/><groupingId value="-term-namingsystem"/></resource><resource><extension url="http://hl7.org/fhir/StructureDefinition/implementationguide-page"><valueUri value="NamingSystem-be-nihdi.html"/></extension><reference><reference value="NamingSystem/be-nihdi"/></reference><name value="be-nihdi"/><description value="RIZIV/INAMI"/><exampleBoolean value="false"/><groupingId value="-term-namingsystem"/></resource><resource><extension url="http://hl7.org/fhir/StructureDefinition/implementationguide-page"><valueUri value="NamingSystem-be-ns-nihdi-organization.html"/></extension><reference><reference value="NamingSystem/be-ns-nihdi-organization"/></reference><name value="be-ns-nihdi-organization"/><description value="Naming System - Nihdi - Organization"/><exampleBoolean value="false"/><groupingId value="-term-namingsystem"/></resource><resource><extension url="http://hl7.org/fhir/StructureDefinition/implementationguide-page"><valueUri value="NamingSystem-be-ns-nihdi-professional.html"/></extension><reference><reference value="NamingSystem/be-ns-nihdi-professional"/></reference><name value="be-ns-nihdi-professional"/><description value="Naming System - Nihdi - Professional"/><exampleBoolean value="false"/><groupingId value="-term-namingsystem"/></resource><resource><extension url="http://hl7.org/fhir/StructureDefinition/implementationguide-page"><valueUri value="NamingSystem-be-ssin.html"/></extension><reference><reference value="NamingSystem/be-ssin"/></reference><name value="be-ssin"/><description value="NISS/INSZ"/><exampleBoolean value="false"/><groupingId value="-term-namingsystem"/></resource><resource><extension url="http://hl7.org/fhir/StructureDefinition/implementationguide-page"><valueUri value="Organization-organization1.html"/></extension><reference><reference value="Organization/organization1"/></reference><name value="organization1"/><exampleCanonical value="https://www.ehealth.fgov.be/standards/fhir/core/StructureDefinition/be-organization"/><groupingId value="-ex-example"/></resource><resource><extension url="http://hl7.org/fhir/StructureDefinition/implementationguide-page"><valueUri value="Patient-patient1.html"/></extension><reference><reference value="Patient/patient1"/></reference><name value="patient1"/><exampleCanonical value="https://www.ehealth.fgov.be/standards/fhir/core/StructureDefinition/be-patient"/><groupingId value="-ex-example"/></resource><resource><extension url="http://hl7.org/fhir/StructureDefinition/implementationguide-page"><valueUri value="Patient-patient2.html"/></extension><reference><reference value="Patient/patient2"/></reference><name value="patient2"/><exampleCanonical value="https://www.ehealth.fgov.be/standards/fhir/core/StructureDefinition/be-patient"/><groupingId value="-ex-example"/></resource><resource><extension url="http://hl7.org/fhir/StructureDefinition/implementationguide-page"><valueUri value="Practitioner-practitioner1.html"/></extension><reference><reference value="Practitioner/practitioner1"/></reference><name value="practitioner1"/><exampleCanonical value="https://www.ehealth.fgov.be/standards/fhir/core/StructureDefinition/be-practitioner"/><groupingId value="-ex-example"/></resource><resource><extension url="http://hl7.org/fhir/StructureDefinition/implementationguide-page"><valueUri value="PractitionerRole-practitionerrole1.html"/></extension><reference><reference value="PractitionerRole/practitionerrole1"/></reference><name value="practitionerrole1"/><exampleCanonical value="https://www.ehealth.fgov.be/standards/fhir/core/StructureDefinition/be-practitionerrole"/><groupingId value="-ex-example"/></resource><resource><extension url="http://hl7.org/fhir/StructureDefinition/implementationguide-page"><valueUri value="Provenance-provenance1.html"/></extension><reference><reference value="Provenance/provenance1"/></reference><name value="provenance1"/><exampleCanonical value="https://www.ehealth.fgov.be/standards/fhir/core/StructureDefinition/be-provenance"/><groupingId value="-ex-example"/></resource><resource><extension url="http://hl7.org/fhir/StructureDefinition/implementationguide-page"><valueUri value="RelatedPerson-relatedperson.html"/></extension><reference><reference value="RelatedPerson/relatedperson"/></reference><name value="relatedperson"/><exampleBoolean value="true"/><groupingId value="-ex-example"/></resource><page><extension url="http://hl7.org/fhir/tools/StructureDefinition/ig-page-name"><valueUrl value="toc.html"/></extension><nameUrl value="toc.html"/><title value="Table of Contents"/><generation value="html"/><page><extension url="http://hl7.org/fhir/tools/StructureDefinition/ig-page-name"><valueUrl value="index.html"/></extension><nameUrl value="index.html"/><title value="IG Home Page"/><generation value="html"/></page><page><extension url="http://hl7.org/fhir/tools/StructureDefinition/ig-page-name"><valueUrl value="guidance.html"/></extension><nameUrl value="guidance.html"/><title value="Guidance"/><generation value="html"/></page><page><extension url="http://hl7.org/fhir/tools/StructureDefinition/ig-page-name"><valueUrl value="conventions.html"/></extension><nameUrl value="conventions.html"/><title value="Conventions"/><generation value="markdown"/></page><page><extension url="http://hl7.org/fhir/tools/StructureDefinition/ig-page-name"><valueUrl value="changes.html"/></extension><nameUrl value="changes.html"/><title value="Changes"/><generation value="html"/></page><page><extension url="http://hl7.org/fhir/tools/StructureDefinition/ig-page-name"><valueUrl value="downloads.html"/></extension><nameUrl value="downloads.html"/><title value="Downloads"/><generation value="html"/></page><page><extension url="http://hl7.org/fhir/tools/StructureDefinition/ig-page-name"><valueUrl value="artifacts.html"/></extension><nameUrl value="artifacts.html"/><title value="Artifacts Summary"/><generation value="html"/><page><extension url="http://hl7.org/fhir/tools/StructureDefinition/ig-page-name"><valueUrl value="StructureDefinition-be-organization.html"/></extension><nameUrl value="StructureDefinition-be-organization.html"/><title value="BeOrganization"/><generation value="generated"/></page><page><extension url="http://hl7.org/fhir/tools/StructureDefinition/ig-page-name"><valueUrl value="StructureDefinition-be-patient.html"/></extension><nameUrl value="StructureDefinition-be-patient.html"/><title value="BePatient"/><generation value="generated"/></page><page><extension url="http://hl7.org/fhir/tools/StructureDefinition/ig-page-name"><valueUrl value="StructureDefinition-be-practitioner.html"/></extension><nameUrl value="StructureDefinition-be-practitioner.html"/><title value="BePractitioner"/><generation value="generated"/></page><page><extension url="http://hl7.org/fhir/tools/StructureDefinition/ig-page-name"><valueUrl value="StructureDefinition-be-practitionerrole.html"/></extension><nameUrl value="StructureDefinition-be-practitionerrole.html"/><title value="BePractitionerRole"/><generation value="generated"/></page><page><extension url="http://hl7.org/fhir/tools/StructureDefinition/ig-page-name"><valueUrl value="StructureDefinition-be-provenance.html"/></extension><nameUrl value="StructureDefinition-be-provenance.html"/><title value="BeProvenance"/><generation value="generated"/></page><page><extension url="http://hl7.org/fhir/tools/StructureDefinition/ig-page-name"><valueUrl value="StructureDefinition-be-address.html"/></extension><nameUrl value="StructureDefinition-be-address.html"/><title value="BeAddress"/><generation value="generated"/></page><page><extension url="http://hl7.org/fhir/tools/StructureDefinition/ig-page-name"><valueUrl value="StructureDefinition-be-ext-recorder.html"/></extension><nameUrl value="StructureDefinition-be-ext-recorder.html"/><title value="BeExtRecorder"/><generation value="generated"/></page><page><extension url="http://hl7.org/fhir/tools/StructureDefinition/ig-page-name"><valueUrl value="StructureDefinition-be-ext-simple-note.html"/></extension><nameUrl value="StructureDefinition-be-ext-simple-note.html"/><title value="BeExtSimpleNote"/><generation value="generated"/></page><page><extension url="http://hl7.org/fhir/tools/StructureDefinition/ig-page-name"><valueUrl value="ValueSet-be-vs-care-location.html"/></extension><nameUrl value="ValueSet-be-vs-care-location.html"/><title value="Care Location Value Set"/><generation value="generated"/></page><page><extension url="http://hl7.org/fhir/tools/StructureDefinition/ig-page-name"><valueUrl value="ValueSet-be-vs-patient-relationship-type.html"/></extension><nameUrl value="ValueSet-be-vs-patient-relationship-type.html"/><title value="Patient Relationship Type Value Set"/><generation value="generated"/></page><page><extension url="http://hl7.org/fhir/tools/StructureDefinition/ig-page-name"><valueUrl value="ValueSet-be-civilstate.html"/></extension><nameUrl value="ValueSet-be-civilstate.html"/><title value="be-civilstate"/><generation value="generated"/></page><page><extension url="http://hl7.org/fhir/tools/StructureDefinition/ig-page-name"><valueUrl value="ValueSet-be-contactperson.html"/></extension><nameUrl value="ValueSet-be-contactperson.html"/><title value="be-contactperson"/><generation value="generated"/></page><page><extension url="http://hl7.org/fhir/tools/StructureDefinition/ig-page-name"><valueUrl value="CodeSystem-be-cs-care-location.html"/></extension><nameUrl value="CodeSystem-be-cs-care-location.html"/><title value="BeCSCareLocation"/><generation value="generated"/></page><page><extension url="http://hl7.org/fhir/tools/StructureDefinition/ig-page-name"><valueUrl value="CodeSystem-cd-fed-country.html"/></extension><nameUrl value="CodeSystem-cd-fed-country.html"/><title value="BeCdFedCountry"/><generation value="generated"/></page><page><extension url="http://hl7.org/fhir/tools/StructureDefinition/ig-page-name"><valueUrl value="CodeSystem-cd-civilstate.html"/></extension><nameUrl value="CodeSystem-cd-civilstate.html"/><title value="BeCdCivilState"/><generation value="generated"/></page><page><extension url="http://hl7.org/fhir/tools/StructureDefinition/ig-page-name"><valueUrl value="CodeSystem-cd-contact-person.html"/></extension><nameUrl value="CodeSystem-cd-contact-person.html"/><title value="BeCdContactPerson"/><generation value="generated"/></page><page><extension url="http://hl7.org/fhir/tools/StructureDefinition/ig-page-name"><valueUrl value="CodeSystem-cd-hcparty.html"/></extension><nameUrl value="CodeSystem-cd-hcparty.html"/><title value="BeCdHcParty"/><generation value="generated"/></page><page><extension url="http://hl7.org/fhir/tools/StructureDefinition/ig-page-name"><valueUrl value="NamingSystem-be-cbe.html"/></extension><nameUrl value="NamingSystem-be-cbe.html"/><title value="be-cbe"/><generation value="generated"/></page><page><extension url="http://hl7.org/fhir/tools/StructureDefinition/ig-page-name"><valueUrl value="NamingSystem-be-ehp.html"/></extension><nameUrl value="NamingSystem-be-ehp.html"/><title value="be-ehp"/><generation value="generated"/></page><page><extension url="http://hl7.org/fhir/tools/StructureDefinition/ig-page-name"><valueUrl value="NamingSystem-be-insurancenumber.html"/></extension><nameUrl value="NamingSystem-be-insurancenumber.html"/><title value="be-insurancenumber"/><generation value="generated"/></page><page><extension url="http://hl7.org/fhir/tools/StructureDefinition/ig-page-name"><valueUrl value="NamingSystem-be-insurancymembership.html"/></extension><nameUrl value="NamingSystem-be-insurancymembership.html"/><title value="be-insurancymembership"/><generation value="generated"/></page><page><extension url="http://hl7.org/fhir/tools/StructureDefinition/ig-page-name"><valueUrl value="NamingSystem-be-nihdi.html"/></extension><nameUrl value="NamingSystem-be-nihdi.html"/><title value="be-nihdi"/><generation value="generated"/></page><page><extension url="http://hl7.org/fhir/tools/StructureDefinition/ig-page-name"><valueUrl value="NamingSystem-be-ns-nihdi-organization.html"/></extension><nameUrl value="NamingSystem-be-ns-nihdi-organization.html"/><title value="be-ns-nihdi-organization"/><generation value="generated"/></page><page><extension url="http://hl7.org/fhir/tools/StructureDefinition/ig-page-name"><valueUrl value="NamingSystem-be-ns-nihdi-professional.html"/></extension><nameUrl value="NamingSystem-be-ns-nihdi-professional.html"/><title value="be-ns-nihdi-professional"/><generation value="generated"/></page><page><extension url="http://hl7.org/fhir/tools/StructureDefinition/ig-page-name"><valueUrl value="NamingSystem-be-ssin.html"/></extension><nameUrl value="NamingSystem-be-ssin.html"/><title value="be-ssin"/><generation value="generated"/></page><page><extension url="http://hl7.org/fhir/tools/StructureDefinition/ig-page-name"><valueUrl value="Organization-organization1.html"/></extension><nameUrl value="Organization-organization1.html"/><title value="organization1"/><generation value="generated"/></page><page><extension url="http://hl7.org/fhir/tools/StructureDefinition/ig-page-name"><valueUrl value="Patient-patient1.html"/></extension><nameUrl value="Patient-patient1.html"/><title value="patient1"/><generation value="generated"/></page><page><extension url="http://hl7.org/fhir/tools/StructureDefinition/ig-page-name"><valueUrl value="Patient-patient2.html"/></extension><nameUrl value="Patient-patient2.html"/><title value="patient2"/><generation value="generated"/></page><page><extension url="http://hl7.org/fhir/tools/StructureDefinition/ig-page-name"><valueUrl value="Practitioner-practitioner1.html"/></extension><nameUrl value="Practitioner-practitioner1.html"/><title value="practitioner1"/><generation value="generated"/></page><page><extension url="http://hl7.org/fhir/tools/StructureDefinition/ig-page-name"><valueUrl value="PractitionerRole-practitionerrole1.html"/></extension><nameUrl value="PractitionerRole-practitionerrole1.html"/><title value="practitionerrole1"/><generation value="generated"/></page><page><extension url="http://hl7.org/fhir/tools/StructureDefinition/ig-page-name"><valueUrl value="Provenance-provenance1.html"/></extension><nameUrl value="Provenance-provenance1.html"/><title value="provenance1"/><generation value="generated"/></page><page><extension url="http://hl7.org/fhir/tools/StructureDefinition/ig-page-name"><valueUrl value="RelatedPerson-relatedperson.html"/></extension><nameUrl value="RelatedPerson-relatedperson.html"/><title value="relatedperson"/><generation value="generated"/></page></page></page><parameter><code value="path-resource"/><value value="input/capabilities"/></parameter><parameter><code value="path-resource"/><value value="input/examples"/></parameter><parameter><code value="path-resource"/><value value="input/extensions"/></parameter><parameter><code value="path-resource"/><value value="input/models"/></parameter><parameter><code value="path-resource"/><value value="input/operations"/></parameter><parameter><code value="path-resource"/><value value="input/profiles"/></parameter><parameter><code value="path-resource"/><value value="input/resources"/></parameter><parameter><code value="path-resource"/><value value="input/vocabulary"/></parameter><parameter><code value="path-resource"/><value value="input/maps"/></parameter><parameter><code value="path-resource"/><value value="input/testing"/></parameter><parameter><code value="path-resource"/><value value="input/history"/></parameter><parameter><code value="path-resource"/><value value="fsh-generated/resources"/></parameter><parameter><code value="path-pages"/><value value="template/config"/></parameter><parameter><code value="path-pages"/><value value="input/images"/></parameter><parameter><code value="path-tx-cache"/><value value="input-cache/txcache"/></parameter></definition></ImplementationGuide>