<?xml version="1.0" encoding="UTF-8"?><NamingSystem xmlns="http://hl7.org/fhir"><id value="be-ssin"/><text><status value="generated"/><div xmlns="http://www.w3.org/1999/xhtml"><h3>Summary</h3><table class="grid"><tr><td>Defining URL</td><td>https://www.ehealth.fgov.be/standards/fhir/core/NamingSystem/be-ssin</td></tr><tr><td>Version</td><td>2.0.1</td></tr><tr><td>Name</td><td>BeSSINNamingSystem</td></tr><tr><td>Status</td><td>active</td></tr><tr><td>Definition</td><td><div><p>NISS/INSZ</p>
</div></td></tr><tr><td>Publisher</td><td>eHealth Platform</td></tr></table><h3>Identifiers</h3><table class="grid"><tr><td><b>Type</b></td><td><b>Value</b></td><td><b>Preferred</b></td></tr><tr><td>URI</td><td>https://www.ehealth.fgov.be/standards/fhir/core/NamingSystem/ssin</td><td>true</td></tr><tr><td>OID</td><td>2.16.840.1.113883.3.6777.5.1</td><td>false</td></tr></table></div></text><name value="BeSSINNamingSystem"/><status value="active"/><kind value="identifier"/><date value="2019-06-05"/><publisher value="eHealth Platform"/><contact><name value="eHealth Platform"/><telecom><system value="url"/><value value="https://www.ehealth.fgov.be"/></telecom><telecom><system value="email"/><value value="message-structure@www.ehealth.fgov.be"/></telecom></contact><contact><name value="Message-Structure"/><telecom><system value="email"/><value value="message-structure@www.ehealth.fgov.be"/><use value="work"/></telecom></contact><description value="NISS/INSZ"/><jurisdiction><coding><system value="urn:iso:std:iso:3166"/><code value="BE"/><display value="Belgium"/></coding></jurisdiction><uniqueId><type value="uri"/><value value="https://www.ehealth.fgov.be/standards/fhir/core/NamingSystem/ssin"/><preferred value="true"/></uniqueId><uniqueId><type value="oid"/><value value="2.16.840.1.113883.3.6777.5.1"/><preferred value="false"/></uniqueId></NamingSystem>