{
  "package": "ihe.rad.ira",
  "version": "1.0.0-comment",
  "fhirVersion": "5.0.0",
  "jurisdiction": "001",
  "extensions": [],
  "profiles": {
    "DiagnosticReport": [
      {
        "url": "https://profiles.ihe.net/RAD/IRA/StructureDefinition/diagnosticreportcontext",
        "title": "DiagnosticReport Context"
      }
    ],
    "ImagingSelection": [
      {
        "url": "https://profiles.ihe.net/RAD/IRA/StructureDefinition/imagingselectioncontent",
        "title": "ImagingSelection Content"
      }
    ],
    "ImagingStudy": [
      {
        "url": "https://profiles.ihe.net/RAD/IRA/StructureDefinition/imagingstudycontext",
        "title": "ImagingStudy Context"
      }
    ],
    "Observation": [
      {
        "url": "https://profiles.ihe.net/RAD/IRA/StructureDefinition/ira-observation",
        "title": "Observation Content"
      }
    ],
    "Patient": [
      {
        "url": "https://profiles.ihe.net/RAD/IRA/StructureDefinition/patientcontext",
        "title": "Patient Context"
      }
    ]
  },
  "usage": {
    "http://hl7.org/fhir/StructureDefinition/elementdefinition-bestpractice": [
      "StructureDefinition.snapshot.element.constraint"
    ],
    "http://hl7.org/fhir/StructureDefinition/elementdefinition-bestpractice-explanation": [
      "StructureDefinition.snapshot.element.constraint"
    ],
    "http://hl7.org/fhir/StructureDefinition/elementdefinition-bindingName": [
      "StructureDefinition.snapshot.element.binding"
    ],
    "http://hl7.org/fhir/StructureDefinition/elementdefinition-isCommonBinding": [
      "StructureDefinition.snapshot.element.binding"
    ],
    "http://hl7.org/fhir/StructureDefinition/structuredefinition-display-hint": [
      "StructureDefinition.snapshot.element"
    ],
    "http://hl7.org/fhir/StructureDefinition/structuredefinition-explicit-type-name": [
      "StructureDefinition.snapshot.element"
    ],
    "http://hl7.org/fhir/StructureDefinition/structuredefinition-fhir-type": [
      "StructureDefinition.snapshot.element.type"
    ],
    "http://hl7.org/fhir/StructureDefinition/structuredefinition-standards-status": [
      "StructureDefinition.snapshot.element"
    ],
    "http://hl7.org/fhir/build/StructureDefinition/binding-definition": [
      "StructureDefinition.snapshot.element.binding"
    ],
    "http://hl7.org/fhir/tools/StructureDefinition/ig-parameter": [
      "ImplementationGuide.definition"
    ],
    "http://hl7.org/fhir/tools/StructureDefinition/implementationguide-dependency-comment": [
      "ImplementationGuide.dependsOn"
    ],
    "http://hl7.org/fhir/tools/StructureDefinition/resource-information": [
      "ImplementationGuide.definition.resource"
    ]
  }
}