<?xml version="1.0" encoding="UTF-8"?>

<AuditEvent xmlns="http://hl7.org/fhir">
  <id value="ex-auditRetrieveDocument-responder"/>
  <meta>
    <profile value="https://profiles.ihe.net/ITI/basicaudit/StructureDefinition/IHE.BasicAudit.PatientRead"/>
    <security>
      <system value="http://terminology.hl7.org/CodeSystem/v3-ActReason"/>
      <code value="HTEST"/>
    </security>
  </meta>
  <text>
    <status value="generated"/><div xmlns="http://www.w3.org/1999/xhtml"><p><b>Generated Narrative</b></p><div style="display: inline-block; background-color: #d9e0e7; padding: 6px; margin: 4px; border: 1px solid #8da1b4; border-radius: 5px; line-height: 60%"><p style="margin-bottom: 0px">Resource "ex-auditRetrieveDocument-responder" </p><p style="margin-bottom: 0px">Profile: <a href="StructureDefinition-IHE.BasicAudit.PatientRead.html">Basic AuditEvent for a successful Read with a Patient</a></p><p style="margin-bottom: 0px">Security Labels: <span title="{http://terminology.hl7.org/CodeSystem/v3-ActReason http://terminology.hl7.org/CodeSystem/v3-ActReason}">http://terminology.hl7.org/CodeSystem/v3-ActReason</span></p></div><p><b>type</b>: Restful Operation (Details: http://terminology.hl7.org/CodeSystem/audit-event-type code rest = 'RESTful Operation', stated as 'Restful Operation')</p><p><b>subtype</b>: read (Details: http://hl7.org/fhir/restful-interaction code read = 'read', stated as 'read'), Retrieve Document (Details: urn:ihe:event-type-code code ITI-68 = 'ITI-68', stated as 'Retrieve Document'), Import (Details: DICOM code 110107 = 'Import', stated as 'Import')</p><p><b>action</b>: R</p><p><b>recorded</b>: Apr 29, 2020 4:49:00 AM</p><p><b>outcome</b>: 0</p><blockquote><p><b>agent</b></p><p><b>type</b>: Destination Role ID <span style="background: LightGoldenRodYellow; margin: 4px; border: 1px solid khaki"> (<a href="http://terminology.hl7.org/3.1.0/CodeSystem-v3-DCM.html">DICOM</a>#110152)</span></p><p><b>who</b>: <span>: http://server.example.com/fhir</span></p><p><b>requestor</b>: false</p><h3>Networks</h3><table class="grid"><tr><td>-</td><td><b>Address</b></td><td><b>Type</b></td></tr><tr><td>*</td><td>http://server.example.com/fhir</td><td>5</td></tr></table></blockquote><blockquote><p><b>agent</b></p><p><b>type</b>: Source Role ID <span style="background: LightGoldenRodYellow; margin: 4px; border: 1px solid khaki"> (<a href="http://terminology.hl7.org/3.1.0/CodeSystem-v3-DCM.html">DICOM</a>#110153)</span></p><p><b>who</b>: <span>: model number ABC, serial number 1234</span></p><p><b>requestor</b>: false</p><h3>Networks</h3><table class="grid"><tr><td>-</td><td><b>Address</b></td><td><b>Type</b></td></tr><tr><td>*</td><td>myDevice.example.com</td><td>1</td></tr></table></blockquote><h3>Sources</h3><table class="grid"><tr><td>-</td><td><b>Site</b></td><td><b>Observer</b></td><td><b>Type</b></td></tr><tr><td>*</td><td>server.example.com</td><td><span>: http://server.example.com/fhir</span></td><td>Application Server (Details: http://terminology.hl7.org/CodeSystem/security-source-type code 4 = 'Application Server', stated as 'Application Server')</td></tr></table><blockquote><p><b>entity</b></p><p><b>what</b>: <a href="Patient-ex-patient.html">Patient/ex-patient</a> " SCHMIDT"</p><p><b>type</b>: Person (Details: http://terminology.hl7.org/CodeSystem/audit-entity-type code 1 = 'Person', stated as 'Person')</p><p><b>role</b>: Patient (Details: http://terminology.hl7.org/CodeSystem/object-role code 1 = 'Patient', stated as 'Patient')</p></blockquote><blockquote><p><b>entity</b></p><p><b>what</b>: <a href="http://example.org/blah/blah.pdf">http://example.org/blah/blah.pdf</a></p><p><b>type</b>: System Object (Details: http://terminology.hl7.org/CodeSystem/audit-entity-type code 2 = 'System Object', stated as 'System Object')</p><p><b>role</b>: Report (Details: http://terminology.hl7.org/CodeSystem/object-role code 3 = 'Report', stated as 'Report')</p></blockquote></div>
  </text>
  <type>
    <system value="http://terminology.hl7.org/CodeSystem/audit-event-type"/>
    <code value="rest"/>
    <display value="Restful Operation"/>
  </type>
  <subtype>
    <system value="http://hl7.org/fhir/restful-interaction"/>
    <code value="read"/>
    <display value="read"/>
  </subtype>
  <subtype>
    <system value="urn:ihe:event-type-code"/>
    <code value="ITI-68"/>
    <display value="Retrieve Document"/>
  </subtype>
  <subtype>
    <system value="http://dicom.nema.org/resources/ontology/DCM"/>
    <code value="110107"/>
    <display value="Import"/>
  </subtype>
  <action value="R"/>
  <recorded value="2020-04-29T09:49:00.000Z"/>
  <outcome value="0"/>
  <agent>
    <type>
      <coding>
        <system value="http://dicom.nema.org/resources/ontology/DCM"/>
        <code value="110152"/>
        <display value="Destination Role ID"/>
      </coding>
    </type>
    <who>
      <display value="http://server.example.com/fhir"/>
    </who>
    <requestor value="false"/>
    <network>
      <address value="http://server.example.com/fhir"/>
      <type value="5"/>
    </network>
  </agent>
  <agent>
    <type>
      <coding>
        <system value="http://dicom.nema.org/resources/ontology/DCM"/>
        <code value="110153"/>
        <display value="Source Role ID"/>
      </coding>
    </type>
    <who>
      <display value="model number ABC, serial number 1234"/>
    </who>
    <requestor value="false"/>
    <network>
      <address value="myDevice.example.com"/>
      <type value="1"/>
    </network>
  </agent>
  <source>
    <site value="server.example.com"/>
    <observer>
      <display value="http://server.example.com/fhir"/>
    </observer>
    <type>
      <system value="http://terminology.hl7.org/CodeSystem/security-source-type"/>
      <code value="4"/>
      <display value="Application Server"/>
    </type>
  </source>
  <entity>
    <what>
      <reference value="Patient/ex-patient"/>
    </what>
    <type>
      <system value="http://terminology.hl7.org/CodeSystem/audit-entity-type"/>
      <code value="1"/>
      <display value="Person"/>
    </type>
    <role>
      <system value="http://terminology.hl7.org/CodeSystem/object-role"/>
      <code value="1"/>
      <display value="Patient"/>
    </role>
  </entity>
  <entity>
    <what>
      <reference value="http://example.org/blah/blah.pdf"/>
    </what>
    <type>
      <system value="http://terminology.hl7.org/CodeSystem/audit-entity-type"/>
      <code value="2"/>
      <display value="System Object"/>
    </type>
    <role>
      <system value="http://terminology.hl7.org/CodeSystem/object-role"/>
      <code value="3"/>
      <display value="Report"/>
    </role>
  </entity>
</AuditEvent>