{
  "resourceType": "List",
  "id": "ex-list",
  "meta": {
    "security": [
      {
        "system": "http://terminology.hl7.org/CodeSystem/v3-ActReason",
        "code": "HTEST"
      }
    ]
  },
  "text": {
    "status": "generated",
    "div": "<div xmlns=\"http://www.w3.org/1999/xhtml\"><table class=\"clstu\"><tr><td>Mode: workingStatus: current</td></tr><tr><td></td></tr></table><table class=\"grid\"><tr style=\"backgound-color: #eeeeee\"><td><b>Items</b></td></tr><tr><td><a href=\"DocumentReference-ex-documentreference2.html\">DocumentReference/ex-documentreference2</a></td></tr></table></div>"
  },
  "status": "current",
  "mode": "working",
  "entry": [
    {
      "item": {
        "reference": "DocumentReference/ex-documentreference2"
      }
    }
  ]
}