{"resourceType":"CodeSystem","id":"cd-fed-country","text":{"status":"generated","div":"<div xmlns=\"http://www.w3.org/1999/xhtml\"><p>This code system <code>https://www.ehealth.fgov.be/standards/fhir/core/CodeSystem/cd-fed-country</code> defines many codes, of which the following are a subset:</p><table class=\"codes\"><tr><td style=\"white-space:nowrap\"><b>Code</b></td><td><b>Display</b></td></tr><tr><td style=\"white-space:nowrap\">BE<a name=\"cd-fed-country-BE\"> </a></td><td>Belgium</td></tr></table></div>"},"url":"https://www.ehealth.fgov.be/standards/fhir/core/CodeSystem/cd-fed-country","version":"2.0.1","name":"Cdfedcountry","title":"BeCdFedCountry","status":"active","date":"2020-09-25T13:06:43+02:00","publisher":"eHealth Platform","contact":[{"name":"eHealth Platform","telecom":[{"system":"url","value":"https://www.ehealth.fgov.be"},{"system":"email","value":"message-structure@www.ehealth.fgov.be"}]},{"name":"Message-Structure","telecom":[{"system":"email","value":"message-structure@www.ehealth.fgov.be","use":"work"}]}],"description":"FedICT country codes.","jurisdiction":[{"coding":[{"system":"urn:iso:std:iso:3166","code":"BE","display":"Belgium"}]}],"content":"fragment","concept":[{"code":"BE","display":"Belgium"}]}