{"resourceType":"CodeSystem","id":"cd-civilstate","text":{"status":"generated","div":"<div xmlns=\"http://www.w3.org/1999/xhtml\"><p>This code system <code>https://www.ehealth.fgov.be/standards/fhir/core/CodeSystem/cd-civilstate</code> defines the following codes:</p><table class=\"codes\"><tr><td style=\"white-space:nowrap\"><b>Code</b></td><td><b>Display</b></td></tr><tr><td style=\"white-space:nowrap\">10<a name=\"cd-civilstate-10\"> </a></td><td>Unmarried</td></tr><tr><td style=\"white-space:nowrap\">20<a name=\"cd-civilstate-20\"> </a></td><td>Married</td></tr><tr><td style=\"white-space:nowrap\">25<a name=\"cd-civilstate-25\"> </a></td><td>Annuled</td></tr><tr><td style=\"white-space:nowrap\">26<a name=\"cd-civilstate-26\"> </a></td><td>Putative marriage</td></tr><tr><td style=\"white-space:nowrap\">30<a name=\"cd-civilstate-30\"> </a></td><td>Widowed</td></tr><tr><td style=\"white-space:nowrap\">40<a name=\"cd-civilstate-40\"> </a></td><td>Divorced</td></tr><tr><td style=\"white-space:nowrap\">41<a name=\"cd-civilstate-41\"> </a></td><td>Divorced since 1/10/1994</td></tr><tr><td style=\"white-space:nowrap\">50<a name=\"cd-civilstate-50\"> </a></td><td>Legal separation</td></tr><tr><td style=\"white-space:nowrap\">51<a name=\"cd-civilstate-51\"> </a></td><td>Legal separation since 1/10/1994</td></tr><tr><td style=\"white-space:nowrap\">60<a name=\"cd-civilstate-60\"> </a></td><td>Repudiation</td></tr><tr><td style=\"white-space:nowrap\">80<a name=\"cd-civilstate-80\"> </a></td><td>Partnership</td></tr><tr><td style=\"white-space:nowrap\">81<a name=\"cd-civilstate-81\"> </a></td><td>End of partnership</td></tr></table><p><b>Additional Language Displays</b></p><table class=\"codes\"><tr><td><b>Code</b></td><td><b>English (English, en)</b></td><td><b>French (Belgium) (fr)</b></td><td><b>Nederlands (België) (Dutch (Belgium), nl)</b></td></tr><tr><td>10</td><td>Unmarried</td><td>Célibataire</td><td>Ongehuwd</td></tr><tr><td>20</td><td>Married</td><td>Marié</td><td>Gehuwd</td></tr><tr><td>25</td><td>Annuled</td><td>Annulation de marriage</td><td>Nietigverklaring van het huwelijk</td></tr><tr><td>26</td><td>Putative marriage</td><td>Mariage putatif</td><td>Putatief huwelijk</td></tr><tr><td>30</td><td>Widowed</td><td>Veuf/veuve</td><td>Weduwnaar/weduwe</td></tr><tr><td>40</td><td>Divorced</td><td>Divorced</td><td>Echtgescheiden</td></tr><tr><td>41</td><td>Divorced since 1/10/1994</td><td>Divorcé à partir du 1/10/1994</td><td>Echtgescheiden vanaf 1/10/1994</td></tr><tr><td>50</td><td>Legal separation</td><td>Séparé de corps et de biens</td><td>Gescheiden van tafel en bed</td></tr><tr><td>51</td><td>Legal separation since 1/10/1994</td><td>Séparé de corps et de biens à partir du 1/10/1994</td><td>Gescheiden van tafel en bed sinds 1/10/1994</td></tr><tr><td>60</td><td>Repudiation</td><td>Répudiation</td><td>Verstoting</td></tr><tr><td>80</td><td>Partnership</td><td>Partenariat</td><td>Partnerschap</td></tr><tr><td>81</td><td>End of partnership</td><td>Fin de partenariat</td><td>Partnerschap beeindigd</td></tr></table></div>"},"url":"https://www.ehealth.fgov.be/standards/fhir/core/CodeSystem/cd-civilstate","version":"2.0.1","name":"CivilState","title":"BeCdCivilState","status":"active","experimental":false,"date":"2022-09-30T20:02:55+00:00","publisher":"eHealth Platform","contact":[{"name":"eHealth Platform","telecom":[{"system":"url","value":"https://www.ehealth.fgov.be"},{"system":"email","value":"message-structure@www.ehealth.fgov.be"}]},{"name":"Message-Structure","telecom":[{"system":"email","value":"message-structure@www.ehealth.fgov.be","use":"work"}]}],"description":"Civil state in Belgium.","jurisdiction":[{"coding":[{"system":"urn:iso:std:iso:3166","code":"BE","display":"Belgium"}]}],"caseSensitive":false,"content":"complete","count":12,"concept":[{"code":"10","display":"Unmarried","designation":[{"language":"en","value":"Unmarried"},{"language":"nl-BE","value":"Ongehuwd"},{"language":"fr-BE","value":"Célibataire"}]},{"code":"20","display":"Married","designation":[{"language":"en","value":"Married"},{"language":"nl-BE","value":"Gehuwd"},{"language":"fr-BE","value":"Marié"}]},{"code":"25","display":"Annuled","designation":[{"language":"en","value":"Annuled"},{"language":"nl-BE","value":"Nietigverklaring van het huwelijk"},{"language":"fr-BE","value":"Annulation de marriage"}]},{"code":"26","display":"Putative marriage","designation":[{"language":"en","value":"Putative marriage"},{"language":"nl-BE","value":"Putatief huwelijk"},{"language":"fr-BE","value":"Mariage putatif"}]},{"code":"30","display":"Widowed","designation":[{"language":"en","value":"Widowed"},{"language":"nl-BE","value":"Weduwnaar/weduwe"},{"language":"fr-BE","value":"Veuf/veuve"}]},{"code":"40","display":"Divorced","designation":[{"language":"en","value":"Divorced"},{"language":"nl-BE","value":"Echtgescheiden"},{"language":"fr-BE","value":"Divorced"}]},{"code":"41","display":"Divorced since 1/10/1994","designation":[{"language":"en","value":"Divorced since 1/10/1994"},{"language":"nl-BE","value":"Echtgescheiden vanaf 1/10/1994"},{"language":"fr-BE","value":"Divorcé à partir du 1/10/1994"}]},{"code":"50","display":"Legal separation","designation":[{"language":"en","value":"Legal separation"},{"language":"nl-BE","value":"Gescheiden van tafel en bed"},{"language":"fr-BE","value":"Séparé de corps et de biens"}]},{"code":"51","display":"Legal separation since 1/10/1994","designation":[{"language":"en","value":"Legal separation since 1/10/1994"},{"language":"nl-BE","value":"Gescheiden van tafel en bed sinds 1/10/1994"},{"language":"fr-BE","value":"Séparé de corps et de biens à partir du 1/10/1994"}]},{"code":"60","display":"Repudiation","designation":[{"language":"en","value":"Repudiation"},{"language":"nl-BE","value":"Verstoting"},{"language":"fr-BE","value":"Répudiation"}]},{"code":"80","display":"Partnership","designation":[{"language":"en","value":"Partnership"},{"language":"nl-BE","value":"Partnerschap"},{"language":"fr-BE","value":"Partenariat"}]},{"code":"81","display":"End of partnership","designation":[{"language":"en","value":"End of partnership"},{"language":"nl-BE","value":"Partnerschap beeindigd"},{"language":"fr-BE","value":"Fin de partenariat"}]}]}