{"resourceType":"ValueSet","id":"be-vs-patient-relationship-type","text":{"status":"generated","div":"<div xmlns=\"http://www.w3.org/1999/xhtml\"><ul><li>Include these codes as defined in <a href=\"http://www.snomed.org/\"><code>http://snomed.info/sct</code></a><table class=\"none\"><tr><td style=\"white-space:nowrap\"><b>Code</b></td><td><b>Display</b></td></tr><tr><td><a href=\"http://snomed.info/id/444191003\">444191003</a></td><td>Aunt of subject (person)</td></tr><tr><td><a href=\"http://snomed.info/id/444304005\">444304005</a></td><td>Sister of subject (person)</td></tr><tr><td><a href=\"http://snomed.info/id/444295003\">444295003</a></td><td>Father of subject (person)</td></tr><tr><td><a href=\"http://snomed.info/id/444148008\">444148008</a></td><td>Person in family of subject (person)</td></tr><tr><td><a href=\"http://snomed.info/id/444055008\">444055008</a></td><td>Uncle of subject (person)</td></tr><tr><td><a href=\"http://snomed.info/id/444294004\">444294004</a></td><td>Parent of subject (person)</td></tr><tr><td><a href=\"http://snomed.info/id/767308003\">767308003</a></td><td>Second degree female blood relative of subject</td></tr><tr><td><a href=\"http://snomed.info/id/444193000\">444193000</a></td><td>First degree blood relative of subject (person)</td></tr><tr><td><a href=\"http://snomed.info/id/444301002\">444301002</a></td><td>Mother of subject (person)</td></tr><tr><td><a href=\"http://snomed.info/id/444053001\">444053001</a></td><td>Husband of subject (person)</td></tr><tr><td><a href=\"http://snomed.info/id/444241008\">444241008</a></td><td>Son of subject (person)</td></tr><tr><td><a href=\"http://snomed.info/id/444303004\">444303004</a></td><td>Brother of subject (person)</td></tr><tr><td><a href=\"http://snomed.info/id/444302009\">444302009</a></td><td>Sibling of subject (person)</td></tr><tr><td><a href=\"http://snomed.info/id/444194006\">444194006</a></td><td>Daughter of subject (person)</td></tr><tr><td><a href=\"http://snomed.info/id/444243006\">444243006</a></td><td>Maternal grandfather of subject (person)</td></tr><tr><td><a href=\"http://snomed.info/id/444242001\">444242001</a></td><td>Grandparent of subject (person)</td></tr><tr><td><a href=\"http://snomed.info/id/444293005\">444293005</a></td><td>Paternal grandmother of subject (person)</td></tr><tr><td><a href=\"http://snomed.info/id/444244000\">444244000</a></td><td>Maternal grandmother of subject (person)</td></tr><tr><td><a href=\"http://snomed.info/id/444292000\">444292000</a></td><td>Paternal grandfather of subject (person)</td></tr><tr><td><a href=\"http://snomed.info/id/444054007\">444054007</a></td><td>Wife of subject (person)</td></tr><tr><td><a href=\"http://snomed.info/id/444192005\">444192005</a></td><td>Child of subject (person)</td></tr><tr><td><a href=\"http://snomed.info/id/739683002\">739683002</a></td><td>Infant of subject (person)</td></tr><tr><td><a href=\"http://snomed.info/id/699111006\">699111006</a></td><td>Second degree blood relative of subject (person)</td></tr><tr><td><a href=\"http://snomed.info/id/444052006\">444052006</a></td><td>Spouse of subject (person)</td></tr><tr><td><a href=\"http://snomed.info/id/410604004\">410604004</a></td><td>Subject of record (person)</td></tr></table></li></ul></div>"},"url":"https://www.ehealth.fgov.be/standards/fhir/core/ValueSet/be-vs-patient-relationship-type","version":"2.0.1","name":"BeVSPatientRelationshipType","title":"Patient Relationship Type Value Set","status":"active","date":"2021-01-10T10:59:49+00:00","publisher":"eHealth Platform","contact":[{"name":"eHealth Platform","telecom":[{"system":"url","value":"https://www.ehealth.fgov.be"},{"system":"email","value":"message-structure@www.ehealth.fgov.be"}]},{"name":"Message-Structure","telecom":[{"system":"email","value":"message-structure@www.ehealth.fgov.be","use":"work"}]}],"description":"Describes the patient relationship type (the relation between the patient and the person implied)","jurisdiction":[{"coding":[{"system":"urn:iso:std:iso:3166","code":"BE","display":"Belgium"}]}],"compose":{"include":[{"system":"http://snomed.info/sct","concept":[{"code":"444191003"},{"code":"444304005"},{"code":"444295003"},{"code":"444148008"},{"code":"444055008"},{"code":"444294004"},{"code":"767308003"},{"code":"444193000"},{"code":"444301002"},{"code":"444053001"},{"code":"444241008"},{"code":"444303004"},{"code":"444302009"},{"code":"444194006"},{"code":"444243006"},{"code":"444242001"},{"code":"444293005"},{"code":"444244000"},{"code":"444292000"},{"code":"444054007"},{"code":"444192005"},{"code":"739683002"},{"code":"699111006"},{"code":"444052006"},{"code":"410604004"}]}]}}