<?xml version="1.0" encoding="UTF-8"?>

<CodeSystem xmlns="http://hl7.org/fhir">
  <id value="cd-contact-person"/>
  <text>
    <status value="generated"/><div xmlns="http://www.w3.org/1999/xhtml"><p>This code system <code>https://www.ehealth.fgov.be/standards/fhir/core/CodeSystem/cd-contact-person</code> defines the following codes:</p><table class="codes"><tr><td style="white-space:nowrap"><b>Code</b></td></tr><tr><td style="white-space:nowrap">father<a name="cd-contact-person-father"> </a></td></tr><tr><td style="white-space:nowrap">mother<a name="cd-contact-person-mother"> </a></td></tr><tr><td style="white-space:nowrap">child<a name="cd-contact-person-child"> </a></td></tr><tr><td style="white-space:nowrap">spouse<a name="cd-contact-person-spouse"> </a></td></tr><tr><td style="white-space:nowrap">husband<a name="cd-contact-person-husband"> </a></td></tr><tr><td style="white-space:nowrap">partner<a name="cd-contact-person-partner"> </a></td></tr><tr><td style="white-space:nowrap">brother<a name="cd-contact-person-brother"> </a></td></tr><tr><td style="white-space:nowrap">sister<a name="cd-contact-person-sister"> </a></td></tr><tr><td style="white-space:nowrap">brotherinlaw<a name="cd-contact-person-brotherinlaw"> </a></td></tr><tr><td style="white-space:nowrap">tutor<a name="cd-contact-person-tutor"> </a></td></tr><tr><td style="white-space:nowrap">notary<a name="cd-contact-person-notary"> </a></td></tr><tr><td style="white-space:nowrap">lawyer<a name="cd-contact-person-lawyer"> </a></td></tr><tr><td style="white-space:nowrap">employer<a name="cd-contact-person-employer"> </a></td></tr><tr><td style="white-space:nowrap">grandparent<a name="cd-contact-person-grandparent"> </a></td></tr><tr><td style="white-space:nowrap">son<a name="cd-contact-person-son"> </a></td></tr><tr><td style="white-space:nowrap">daughter<a name="cd-contact-person-daughter"> </a></td></tr><tr><td style="white-space:nowrap">grandchild<a name="cd-contact-person-grandchild"> </a></td></tr><tr><td style="white-space:nowrap">neighbour<a name="cd-contact-person-neighbour"> </a></td></tr><tr><td style="white-space:nowrap">stepson<a name="cd-contact-person-stepson"> </a></td></tr><tr><td style="white-space:nowrap">stepdaughter<a name="cd-contact-person-stepdaughter"> </a></td></tr><tr><td style="white-space:nowrap">stepfather<a name="cd-contact-person-stepfather"> </a></td></tr><tr><td style="white-space:nowrap">stepmother<a name="cd-contact-person-stepmother"> </a></td></tr><tr><td style="white-space:nowrap">sisterinlaw<a name="cd-contact-person-sisterinlaw"> </a></td></tr></table><p><b>Additional Language Displays</b></p><table class="codes"><tr><td><b>Code</b></td><td><b>English (English, en)</b></td></tr><tr><td>father</td><td>father</td></tr><tr><td>mother</td><td>mother</td></tr><tr><td>child</td><td>child</td></tr><tr><td>spouse</td><td>spouse</td></tr><tr><td>husband</td><td>husband</td></tr><tr><td>partner</td><td>partner</td></tr><tr><td>brother</td><td>brother</td></tr><tr><td>sister</td><td>sister</td></tr><tr><td>brotherinlaw</td><td>brother-in-law</td></tr><tr><td>tutor</td><td>tutor</td></tr><tr><td>notary</td><td>notary</td></tr><tr><td>lawyer</td><td>lawyer</td></tr><tr><td>employer</td><td>employer</td></tr><tr><td>grandparent</td><td>grandparent</td></tr><tr><td>son</td><td>son</td></tr><tr><td>daughter</td><td>daughter</td></tr><tr><td>grandchild</td><td>grandchild</td></tr><tr><td>neighbour</td><td>neighbour</td></tr><tr><td>stepson</td><td>stepson</td></tr><tr><td>stepdaughter</td><td>stepdaughter</td></tr><tr><td>stepfather</td><td>stepfather</td></tr><tr><td>stepmother</td><td>stepmother</td></tr><tr><td>sisterinlaw</td><td>sisterinlaw</td></tr></table></div>
  </text>
  <url value="https://www.ehealth.fgov.be/standards/fhir/core/CodeSystem/cd-contact-person"/>
  <version value="2.0.1"/>
  <name value="ContactPerson"/>
  <title value="BeCdContactPerson"/>
  <status value="active"/>
  <experimental value="false"/>
  <date value="2022-09-30T19:44:26+00:00"/>
  <publisher value="eHealth Platform"/>
  <contact>
    <name value="eHealth Platform"/>
    <telecom>
      <system value="url"/>
      <value value="https://www.ehealth.fgov.be"/>
    </telecom>
    <telecom>
      <system value="email"/>
      <value value="message-structure@www.ehealth.fgov.be"/>
    </telecom>
  </contact>
  <contact>
    <name value="Message-Structure"/>
    <telecom>
      <system value="email"/>
      <value value="message-structure@www.ehealth.fgov.be"/>
      <use value="work"/>
    </telecom>
  </contact>
  <description value="Contact person in Belgium."/>
  <jurisdiction>
    <coding>
      <system value="urn:iso:std:iso:3166"/>
      <code value="BE"/>
      <display value="Belgium"/>
    </coding>
  </jurisdiction>
  <caseSensitive value="false"/>
  <content value="complete"/>
  <count value="23"/>
  <concept>
    <code value="father"/>
    <display value="father"/>
    <designation>
      <language value="en"/>
      <value value="father"/>
    </designation>
  </concept>
  <concept>
    <code value="mother"/>
    <display value="mother"/>
    <designation>
      <language value="en"/>
      <value value="mother"/>
    </designation>
  </concept>
  <concept>
    <code value="child"/>
    <display value="child"/>
    <designation>
      <language value="en"/>
      <value value="child"/>
    </designation>
  </concept>
  <concept>
    <code value="spouse"/>
    <display value="spouse"/>
    <designation>
      <language value="en"/>
      <value value="spouse"/>
    </designation>
  </concept>
  <concept>
    <code value="husband"/>
    <display value="husband"/>
    <designation>
      <language value="en"/>
      <value value="husband"/>
    </designation>
  </concept>
  <concept>
    <code value="partner"/>
    <display value="partner"/>
    <designation>
      <language value="en"/>
      <value value="partner"/>
    </designation>
  </concept>
  <concept>
    <code value="brother"/>
    <display value="brother"/>
    <designation>
      <language value="en"/>
      <value value="brother"/>
    </designation>
  </concept>
  <concept>
    <code value="sister"/>
    <display value="sister"/>
    <designation>
      <language value="en"/>
      <value value="sister"/>
    </designation>
  </concept>
  <concept>
    <code value="brotherinlaw"/>
    <display value="brotherinlaw"/>
    <designation>
      <language value="en"/>
      <value value="brother-in-law"/>
    </designation>
  </concept>
  <concept>
    <code value="tutor"/>
    <display value="tutor"/>
    <designation>
      <language value="en"/>
      <value value="tutor"/>
    </designation>
  </concept>
  <concept>
    <code value="notary"/>
    <display value="notary"/>
    <designation>
      <language value="en"/>
      <value value="notary"/>
    </designation>
  </concept>
  <concept>
    <code value="lawyer"/>
    <display value="lawyer"/>
    <designation>
      <language value="en"/>
      <value value="lawyer"/>
    </designation>
  </concept>
  <concept>
    <code value="employer"/>
    <display value="employer"/>
    <designation>
      <language value="en"/>
      <value value="employer"/>
    </designation>
  </concept>
  <concept>
    <code value="grandparent"/>
    <display value="grandparent"/>
    <designation>
      <language value="en"/>
      <value value="grandparent"/>
    </designation>
  </concept>
  <concept>
    <code value="son"/>
    <display value="son"/>
    <designation>
      <language value="en"/>
      <value value="son"/>
    </designation>
  </concept>
  <concept>
    <code value="daughter"/>
    <display value="daughter"/>
    <designation>
      <language value="en"/>
      <value value="daughter"/>
    </designation>
  </concept>
  <concept>
    <code value="grandchild"/>
    <display value="grandchild"/>
    <designation>
      <language value="en"/>
      <value value="grandchild"/>
    </designation>
  </concept>
  <concept>
    <code value="neighbour"/>
    <display value="neighbour"/>
    <designation>
      <language value="en"/>
      <value value="neighbour"/>
    </designation>
  </concept>
  <concept>
    <code value="stepson"/>
    <display value="stepson"/>
    <designation>
      <language value="en"/>
      <value value="stepson"/>
    </designation>
  </concept>
  <concept>
    <code value="stepdaughter"/>
    <display value="stepdaughter"/>
    <designation>
      <language value="en"/>
      <value value="stepdaughter"/>
    </designation>
  </concept>
  <concept>
    <code value="stepfather"/>
    <display value="stepfather"/>
    <designation>
      <language value="en"/>
      <value value="stepfather"/>
    </designation>
  </concept>
  <concept>
    <code value="stepmother"/>
    <display value="stepmother"/>
    <designation>
      <language value="en"/>
      <value value="stepmother"/>
    </designation>
  </concept>
  <concept>
    <code value="sisterinlaw"/>
    <display value="sisterinlaw"/>
    <designation>
      <language value="en"/>
      <value value="sisterinlaw"/>
    </designation>
  </concept>
</CodeSystem>