<?xml version="1.0" encoding="UTF-8"?>

<Bundle xmlns="http://hl7.org/fhir">
  <id value="ex-minimalProvideDocumentBundleSimpleContained"/>
  <meta>
    <profile value="http://profiles.ihe.net/ITI/MHD/StructureDefinition/IHE.MHD.Minimal.ProvideBundle"/>
    <security>
      <system value="http://terminology.hl7.org/CodeSystem/v3-ActReason"/>
      <code value="HTEST"/>
    </security>
  </meta>
  <type value="transaction"/>
  <timestamp value="2004-10-25T23:50:50-05:00"/>
  <entry>
    <fullUrl value="urn:uuid:aaaaaaaa-bbbb-cccc-dddd-e00222200001"/>
    <resource>
      <List>
        <id value="aaaaaaaa-bbbb-cccc-dddd-e00222200001"/>
        <meta>
          <profile value="http://profiles.ihe.net/ITI/MHD/StructureDefinition/IHE.MHD.Minimal.SubmissionSet"/>
          <security>
            <system value="http://terminology.hl7.org/CodeSystem/v3-ActReason"/>
            <code value="HTEST"/>
          </security>
        </meta>
        <text>
          <status value="extensions"/><div xmlns="http://www.w3.org/1999/xhtml">SubmissionSet with Patient</div>
        </text>
        <contained>
          <Practitioner>
            <id value="in-practitioner"/>
            <telecom>
              <system value="email"/>
              <value value="JohnMoehrke@gmail.com"/>
            </telecom>
          </Practitioner>
        </contained>
        <extension url="http://profiles.ihe.net/ITI/MHD/StructureDefinition/ihe-sourceId">
          <valueIdentifier>
            <value value="urn:oid:1.2.3.4"/>
          </valueIdentifier>
        </extension>
        <extension url="http://profiles.ihe.net/ITI/MHD/StructureDefinition/ihe-intendedRecipient">
          <valueReference>
            <reference value="#in-practitioner"/>
          </valueReference>
        </extension>
        <identifier>
          <use value="official"/>
          <system value="urn:ietf:rfc:3986"/>
          <value value="urn:oid:1.2.129.6.58.92.88337.1"/>
        </identifier>
        <identifier>
          <use value="usual"/>
          <system value="http://example.org/documents"/>
          <value value="23425234-23470-1"/>
        </identifier>
        <status value="current"/>
        <mode value="working"/>
        <code>
          <coding>
            <system value="http://profiles.ihe.net/ITI/MHD/CodeSystem/MHDlistTypes"/>
            <code value="submissionset"/>
          </coding>
        </code>
        <date value="2004-10-25T23:50:50-05:00"/>
        <entry>
          <item>
            <reference value="urn:uuid:aaaaaaaa-bbbb-cccc-dddd-e00222200002"/>
          </item>
        </entry>
      </List>
    </resource>
    <request>
      <method value="POST"/>
      <url value="List"/>
    </request>
  </entry>
  <entry>
    <fullUrl value="urn:uuid:aaaaaaaa-bbbb-cccc-dddd-e00222200002"/>
    <resource>
      <DocumentReference>
        <id value="aaaaaaaa-bbbb-cccc-dddd-e00222200002"/>
        <meta>
          <profile value="http://profiles.ihe.net/ITI/MHD/StructureDefinition/IHE.MHD.Minimal.DocumentReference"/>
          <security>
            <system value="http://terminology.hl7.org/CodeSystem/v3-ActReason"/>
            <code value="HTEST"/>
          </security>
        </meta>
        <text>
          <status value="generated"/><div xmlns="http://www.w3.org/1999/xhtml"><p><b>Generated Narrative</b></p><p><b>masterIdentifier</b>: id: urn:oid:1.2.840.113556.1.8000.2554.53432.348.12973.17740.34205.4355.50220.62012</p><p><b>identifier</b>: id: urn:uuid:7d5bb8ac-68ee-4926-85e7-b8aac8e1f09d</p><p><b>status</b>: current</p><blockquote><p><b>content</b></p><p><b>format</b>: <span title="{http://ihe.net/fhir/ihe.formatcode.fhir/CodeSystem/formatcode urn:ihe:iti:xds-sd:text:2008}">ITI XDS-SD TEXT</span></p></blockquote><h3>Contexts</h3><table class="grid"><tr><td>-</td><td><b>SourcePatientInfo</b></td></tr><tr><td>*</td><td><a name="aaaaaaaa-bbbb-cccc-dddd-e00222200004"> </a><blockquote><p><b>name</b>: Dee Schmidt </p></blockquote></td></tr></table></div>
        </text>
        <contained>
          <Patient>
            <id value="aaaaaaaa-bbbb-cccc-dddd-e00222200004"/>
            <name>
              <family value="Schmidt"/>
              <given value="Dee"/>
            </name>
          </Patient>
        </contained>
        <masterIdentifier>
          <system value="urn:ietf:rfc:3986"/>
          <value value="urn:oid:1.2.840.113556.1.8000.2554.53432.348.12973.17740.34205.4355.50220.62012"/>
        </masterIdentifier>
        <identifier>
          <system value="urn:ietf:rfc:3986"/>
          <value value="urn:uuid:7d5bb8ac-68ee-4926-85e7-b8aac8e1f09d"/>
        </identifier>
        <status value="current"/>
        <content>
          <attachment>
            <contentType value="text/plain"/>
            <url value="urn:uuid:aaaaaaaa-bbbb-cccc-dddd-e00222200003"/>
            <size value="11"/>
            <hash value="MGE0ZDU1YThkNzc4ZTUwMjJmYWI3MDE5NzdjNWQ4NDBiYmM0ODZkMA=="/>
          </attachment>
          <format>
            <system value="http://ihe.net/fhir/ihe.formatcode.fhir/CodeSystem/formatcode"/>
            <code value="urn:ihe:iti:xds-sd:text:2008"/>
          </format>
        </content>
        <context>
          <sourcePatientInfo>
            <reference value="#aaaaaaaa-bbbb-cccc-dddd-e00222200004"/>
          </sourcePatientInfo>
        </context>
      </DocumentReference>
    </resource>
    <request>
      <method value="POST"/>
      <url value="DocumentReference"/>
    </request>
  </entry>
  <entry>
    <fullUrl value="urn:uuid:aaaaaaaa-bbbb-cccc-dddd-e00222200003"/>
    <resource>
      <Binary>
        <id value="aaaaaaaa-bbbb-cccc-dddd-e00222200003"/>
        <meta>
          <security>
            <system value="http://terminology.hl7.org/CodeSystem/v3-ActReason"/>
            <code value="HTEST"/>
          </security>
        </meta>
        <contentType value="text/plain"/>
        <data value="SGVsbG8gV29ybGQ="/>
      </Binary>
    </resource>
    <request>
      <method value="POST"/>
      <url value="Binary"/>
    </request>
  </entry>
</Bundle>