<?xml version="1.0" encoding="UTF-8"?>

<DocumentReference xmlns="http://hl7.org/fhir">
  <id value="ex-documentreference"/>
  <meta>
    <security>
      <system value="http://terminology.hl7.org/CodeSystem/v3-ActReason"/>
      <code value="HTEST"/>
    </security>
  </meta>
  <text>
    <status value="generated"/><div xmlns="http://www.w3.org/1999/xhtml"><p><b>Generated Narrative</b></p><p><b>status</b>: current</p><blockquote><p><b>content</b></p></blockquote></div>
  </text>
  <status value="current"/>
  <content>
    <attachment>
      <contentType value="text/plain"/>
      <title value="Hello World"/>
    </attachment>
  </content>
</DocumentReference>