{
  "resourceType" : "ValueSet",
  "id" : "7b48598c-ba56-41bc-b821-5bb5744cfc11-75",
  "url" : "http://hl7.org/fhir/comparison/ValueSet/7b48598c-ba56-41bc-b821-5bb5744cfc11-75",
  "name" : "IntersectionMCSDOrgAffTypesVSAndMCSDOrgAffTypesVS",
  "title" : "Intersection of mCSD Organization Affiliation Types ValueSet And mCSD Organization Affiliation Types ValueSet",
  "status" : "active",
  "date" : "2022-08-12T09:45:14-05:00",
  "jurisdiction" : [{
    "coding" : [{
      "system" : "http://unstats.un.org/unsd/methods/m49/m49.htm",
      "code" : "001"
    }]
  }],
  "expansion" : {
    "contains" : [{
      "system" : "https://profiles.ihe.net/ITI/mCSD/CodeSystem/MCSDOrgAffTypes",
      "code" : "DocShare-federate",
      "display" : "Federation to any Document Sharing exchange"
    },
    {
      "system" : "http://hl7.org/fhir/organization-role",
      "code" : "provider",
      "display" : "Provider"
    },
    {
      "system" : "http://hl7.org/fhir/organization-role",
      "code" : "agency",
      "display" : "Agency"
    },
    {
      "system" : "http://hl7.org/fhir/organization-role",
      "code" : "research",
      "display" : "Research"
    },
    {
      "system" : "http://hl7.org/fhir/organization-role",
      "code" : "payer",
      "display" : "Payer"
    },
    {
      "system" : "http://hl7.org/fhir/organization-role",
      "code" : "diagnostics",
      "display" : "Diagnostics"
    },
    {
      "system" : "http://hl7.org/fhir/organization-role",
      "code" : "supplier",
      "display" : "Supplier"
    },
    {
      "system" : "http://hl7.org/fhir/organization-role",
      "code" : "HIE/HIO",
      "display" : "HIE/HIO"
    },
    {
      "system" : "http://hl7.org/fhir/organization-role",
      "code" : "member",
      "display" : "Member"
    }]
  }
}