{
  "resourceType" : "DiagnosticReport",
  "id" : "example-DiagnosticReportContext",
  "meta" : {
    "profile" : ["https://profiles.ihe.net/RAD/IRA/StructureDefinition/diagnosticreportcontext"]
  },
  "text" : {
    "status" : "generated",
    "div" : "<div xmlns=\"http://www.w3.org/1999/xhtml\"><h2><span title=\"Codes: {http://loinc.org 29252-4}\">CT Chest WO Contrast</span> </h2><table class=\"grid\"><tr><td>Subject</td><td><b>John Smith </b> (no stated gender), DoB Unknown ( Medical Record Number: 1234567)</td></tr></table><p><b>Report Details</b></p></div>"
  },
  "status" : "unknown",
  "code" : {
    "coding" : [{
      "system" : "http://loinc.org",
      "code" : "29252-4",
      "display" : "CT Chest WO Contrast"
    }]
  },
  "subject" : {
    "reference" : "Patient/example-PatientContext"
  },
  "study" : [{
    "reference" : "ImagingStudy/example-ImagingStudyContext"
  }]
}