<?xml version="1.0" encoding="UTF-8"?>

<Parameters xmlns="http://hl7.org/fhir">
  <id value="pixm-response-mohralice-red-to-blue"/>
  <meta>
    <profile value="https://profiles.ihe.net/ITI/PIXm/StructureDefinition/IHE.PIXm.Query.Parameters.Out"/>
  </meta>
  <parameter>
    <name value="targetId"/>
    <valueReference>
      <reference value="Patient/Patient-MohrAlice-Blue"/>
    </valueReference>
  </parameter>
  <parameter>
    <name value="targetIdentifier"/>
    <valueIdentifier>
      <system value="urn:oid:1.3.6.1.4.1.21367.13.20.3000"/>
      <value value="IHEBLUE-994"/>
    </valueIdentifier>
  </parameter>
</Parameters>