{
  "resourceType": "CapabilityStatement",
  "id": "IHE.SVCM.TerminologyRepository",
  "text": {
    "status": "additional",
    "div": "<div xmlns=\"http://www.w3.org/1999/xhtml\">CapabilityStatement for Terminology Repository Actor in the IHE IT Infrastructure Technical Framework Supplement <a href=\"https://profiles.ihe.net/ITI/SVCM/index.html\">SVCM</a></div>"
  },
  "url": "https://profiles.ihe.net/ITI/SVCM/CapabilityStatement/IHE.SVCM.TerminologyRepository",
  "version": "1.5.0",
  "name": "IHE_SVCM_TerminologyRepository",
  "title": "IHE SVCM Terminology Repository",
  "status": "active",
  "experimental": false,
  "date": "2022-03-31",
  "publisher": "IHE IT Infrastructure Technical Committee",
  "contact": [
    {
      "telecom": [
        {
          "system": "url",
          "value": "https://www.ihe.net/ihe_domains/it_infrastructure/"
        }
      ]
    },
    {
      "telecom": [
        {
          "system": "email",
          "value": "iti@ihe.net"
        }
      ]
    },
    {
      "name": "IHE IT Infrastructure Technical Committee",
      "telecom": [
        {
          "system": "email",
          "value": "iti@ihe.net"
        }
      ]
    }
  ],
  "description": "CapabilityStatement for Terminology Repository Actor in the IHE IT Infrastructure Technical Framework Supplement [SVCM](index.html).",
  "jurisdiction": [
    {
      "coding": [
        {
          "system": "http://unstats.un.org/unsd/methods/m49/m49.htm",
          "code": "001"
        }
      ]
    }
  ],
  "copyright": "IHE http://www.ihe.net/Governance/#Intellectual_Property",
  "kind": "requirements",
  "fhirVersion": "4.0.1",
  "format": [
    "application/fhir+xml",
    "application/fhir+json"
  ],
  "rest": [
    {
      "mode": "server",
      "documentation": "SVCM Terminology Repository will respond to queries for terminology resources.",
      "security": {
        "cors": false,
        "description": "None mandated by IHE, encouraged IHE-IUA or SMART-on-FHIR"
      },
      "resource": [
        {
          "type": "ValueSet",
          "supportedProfile": [
            "https://profiles.ihe.net/ITI/SVCM/StructureDefinition/IHE.SVCM.ValueSet"
          ],
          "documentation": "For Query Value Set [ITI-95], Expand Value Set [ITI-97], Validate Code [ITI-99]",
          "interaction": [
            {
              "code": "search-type"
            },
            {
              "code": "read"
            }
          ],
          "searchParam": [
            {
              "name": "_id",
              "type": "token"
            },
            {
              "name": "_lastUpdate",
              "type": "date"
            },
            {
              "name": "status",
              "type": "token"
            },
            {
              "name": "identifier",
              "type": "token"
            },
            {
              "name": "name",
              "type": "string"
            },
            {
              "name": "description",
              "type": "string"
            },
            {
              "name": "reference",
              "type": "uri"
            },
            {
              "name": "title",
              "type": "string"
            },
            {
              "name": "url",
              "type": "uri"
            },
            {
              "name": "version",
              "type": "token"
            }
          ],
          "operation": [
            {
              "name": "$expand",
              "definition": "http://hl7.org/fhir/OperationDefinition/ValueSet-expand",
              "documentation": "`url` is a required parameter for this operation."
            },
            {
              "name": "$validate-code",
              "definition": "http://hl7.org/fhir/OperationDefinition/ValueSet-validate-code",
              "documentation": "`url`, `code`, and `system` are required parameters for this operation."
            }
          ]
        },
        {
          "type": "CodeSystem",
          "supportedProfile": [
            "https://profiles.ihe.net/ITI/SVCM/StructureDefinition/IHE.SVCM.CodeSystem"
          ],
          "documentation": "For Query Code System [ITI-96], Lookup Code [ITI-98], Validate Code [ITI-99]",
          "interaction": [
            {
              "code": "search-type"
            },
            {
              "code": "read"
            }
          ],
          "searchParam": [
            {
              "name": "_id",
              "type": "token"
            },
            {
              "name": "_lastUpdate",
              "type": "date"
            },
            {
              "name": "status",
              "type": "token"
            },
            {
              "name": "identifier",
              "type": "token"
            },
            {
              "name": "name",
              "type": "string"
            },
            {
              "name": "description",
              "type": "string"
            },
            {
              "name": "system",
              "type": "uri"
            },
            {
              "name": "title",
              "type": "string"
            },
            {
              "name": "url",
              "type": "uri"
            },
            {
              "name": "version",
              "type": "token"
            }
          ],
          "operation": [
            {
              "name": "$lookup",
              "definition": "http://hl7.org/fhir/OperationDefinition/CodeSystem-lookup",
              "documentation": "`code` and `system` are required parameters for this operation."
            },
            {
              "name": "$validate-code",
              "definition": "http://hl7.org/fhir/OperationDefinition/CodeSystem-validate-code",
              "documentation": "`url` and `code` are required parameters for this operation."
            }
          ]
        },
        {
          "type": "ConceptMap",
          "supportedProfile": [
            "https://profiles.ihe.net/ITI/SVCM/StructureDefinition/IHE.SVCM.ConceptMap"
          ],
          "documentation": "For Query Concept Map [ITI-100] and Translate Code [ITI-101]",
          "interaction": [
            {
              "code": "search-type"
            },
            {
              "code": "read"
            }
          ],
          "searchParam": [
            {
              "name": "_id",
              "type": "token"
            },
            {
              "name": "_lastUpdate",
              "type": "date"
            },
            {
              "name": "status",
              "type": "token"
            },
            {
              "name": "identifier",
              "type": "token"
            },
            {
              "name": "name",
              "type": "string"
            },
            {
              "name": "description",
              "type": "string"
            },
            {
              "name": "title",
              "type": "string"
            },
            {
              "name": "url",
              "type": "uri"
            },
            {
              "name": "version",
              "type": "token"
            },
            {
              "name": "source-system",
              "type": "token"
            },
            {
              "name": "source-uri",
              "type": "reference"
            },
            {
              "name": "target-system",
              "type": "token"
            },
            {
              "name": "target-uri",
              "type": "reference"
            }
          ],
          "operation": [
            {
              "name": "$translate",
              "definition": "http://hl7.org/fhir/OperationDefinition/ConceptMap-translate",
              "documentation": "`url`, `source`, `code`, `system`, and `target` are required parameters for this operation."
            }
          ]
        }
      ],
      "interaction": [
        {
          "code": "search-system"
        }
      ]
    }
  ]
}