{
  "resourceType" : "TestScript",
  "id" : "TS1",
  "text" : {
    "status" : "extensions",
    "div" : "<div xmlns=\"http://www.w3.org/1999/xhtml\"><p><b>Generated Narrative: TestScript</b><a name=\"TS1\"> </a></p><div style=\"display: inline-block; background-color: #d9e0e7; padding: 6px; margin: 4px; border: 1px solid #8da1b4; border-radius: 5px; line-height: 60%\"><p style=\"margin-bottom: 0px\">Resource TestScript &quot;TS1&quot; </p></div><blockquote><p><b>Extension Definition for TestScript.scope for Version 5.0</b></p><blockquote><p><b>url</b></p><code>artifact</code></blockquote><p><b>value</b>: <code>#Req1</code></p><blockquote><p><b>url</b></p><code>conformance</code></blockquote><p><b>value</b>: Required <span style=\"background: LightGoldenRodYellow; margin: 4px; border: 1px solid khaki\"> (testscript-scope-conformance-codes#required)</span></p></blockquote><p><b>url</b>: <code>medigree.net/fhir/testing/testscript-1</code></p><p><b>version</b>: 1.0.0</p><p><b>name</b>: A test script</p><p><b>status</b>: active</p><p><b>date</b>: 2023-09-20 05:41:48+0000</p><p><b>publisher</b>: My Organization</p><p><b>contact</b>: My Organization: <a href=\"http://medigree.net\">http://medigree.net</a>,<a href=\"mailto:my-group@example.com\">my-group@example.com</a>, Bob Smith: <a href=\"mailto:bobsmith@example.com\">bobsmith@example.com</a></p><p><b>jurisdiction</b>: World <span style=\"background: LightGoldenRodYellow; margin: 4px; border: 1px solid khaki\"> (m49.htm#001)</span></p><blockquote><p><b>test</b></p><p><b>name</b>: CapabilityStatement</p><p><b>description</b>: Get a server's CapabilityStatement and validate response.</p><blockquote><p><b>action</b></p><h3>Operations</h3><table class=\"grid\"><tr><td style=\"display: none\">-</td><td><b>Type</b></td><td><b>Description</b></td><td><b>Accept</b></td><td><b>EncodeRequestUrl</b></td><td><b>Params</b></td><td><b>Url</b></td></tr><tr><td style=\"display: none\">*</td><td>Read (Details: http://terminology.hl7.org/CodeSystem/testscript-operation-codes code read = 'Read', stated as 'null')</td><td>Get the server's metadata</td><td>xml</td><td>true</td><td>?_format=xml</td><td>http://test.fhir.org/r4/metadata</td></tr></table></blockquote><blockquote><p><b>action</b></p><h3>Asserts</h3><table class=\"grid\"><tr><td style=\"display: none\">-</td><td><b>Description</b></td><td><b>Response</b></td><td><b>WarningOnly</b></td></tr><tr><td style=\"display: none\">*</td><td>Confirm that the returned HTTP status is 200(OK).</td><td>okay</td><td>false</td></tr></table></blockquote><blockquote><p><b>action</b></p><h3>Asserts</h3><table class=\"grid\"><tr><td style=\"display: none\">-</td><td><b>Description</b></td><td><b>ContentType</b></td><td><b>WarningOnly</b></td></tr><tr><td style=\"display: none\">*</td><td>Confirm that the returned format is XML.</td><td>xml</td><td>false</td></tr></table></blockquote><blockquote><p><b>action</b></p><h3>Asserts</h3><table class=\"grid\"><tr><td style=\"display: none\">-</td><td><b>Description</b></td><td><b>Resource</b></td><td><b>WarningOnly</b></td></tr><tr><td style=\"display: none\">*</td><td>Confirm that the returned resource type is CapabilityStatement.</td><td>Bundle</td><td>false</td></tr></table></blockquote></blockquote></div>"
  },
  "extension" : [{
    "extension" : [{
      "url" : "artifact",
      "valueCanonical" : "#Req1"
    },
    {
      "url" : "conformance",
      "valueCodeableConcept" : {
        "coding" : [{
          "system" : "http://terminology.hl7.org/CodeSystem/testscript-scope-conformance-codes",
          "code" : "required",
          "display" : "Required"
        }]
      }
    }],
    "url" : "http://hl7.org/fhir/5.0/StructureDefinition/extension-TestScript.scope"
  }],
  "url" : "medigree.net/fhir/testing/testscript-1",
  "version" : "1.0.0",
  "name" : "A test script",
  "status" : "active",
  "date" : "2023-09-20T05:41:48+00:00",
  "publisher" : "My Organization",
  "contact" : [{
    "name" : "My Organization",
    "telecom" : [{
      "system" : "url",
      "value" : "http://medigree.net"
    },
    {
      "system" : "email",
      "value" : "my-group@example.com"
    }]
  },
  {
    "name" : "Bob Smith",
    "telecom" : [{
      "system" : "email",
      "value" : "bobsmith@example.com",
      "use" : "work"
    }]
  }],
  "jurisdiction" : [{
    "coding" : [{
      "system" : "http://unstats.un.org/unsd/methods/m49/m49.htm",
      "code" : "001",
      "display" : "World"
    }]
  }],
  "test" : [{
    "name" : "CapabilityStatement",
    "description" : "Get a server's CapabilityStatement and validate response.",
    "action" : [{
      "operation" : {
        "type" : {
          "system" : "http://terminology.hl7.org/CodeSystem/testscript-operation-codes",
          "code" : "read"
        },
        "description" : "Get the server's metadata",
        "accept" : "xml",
        "encodeRequestUrl" : true,
        "params" : "?_format=xml",
        "url" : "http://test.fhir.org/r4/metadata"
      }
    },
    {
      "assert" : {
        "description" : "Confirm that the returned HTTP status is 200(OK).",
        "response" : "okay",
        "warningOnly" : false
      }
    },
    {
      "assert" : {
        "description" : "Confirm that the returned format is XML.",
        "contentType" : "xml",
        "warningOnly" : false
      }
    },
    {
      "assert" : {
        "description" : "Confirm that the returned resource type is CapabilityStatement.",
        "resource" : "Bundle",
        "warningOnly" : false
      }
    }]
  }]
}