<?xml version="1.0" encoding="UTF-8"?>

<AuditEvent xmlns="http://hl7.org/fhir">
  <id value="ex-auditPrivacyDisclosure-measurereport"/>
  <meta>
    <profile value="https://profiles.ihe.net/ITI/BALP/StructureDefinition/IHE.BasicAudit.PrivacyDisclosure.Source"/>
    <security>
      <system value="http://terminology.hl7.org/CodeSystem/v3-ActReason"/>
      <code value="HTEST"/>
    </security>
  </meta>
  <text>
    <status value="generated"/><div xmlns="http://www.w3.org/1999/xhtml"><p><b>Generated Narrative</b></p><div style="display: inline-block; background-color: #d9e0e7; padding: 6px; margin: 4px; border: 1px solid #8da1b4; border-radius: 5px; line-height: 60%"><p style="margin-bottom: 0px">Resource "ex-auditPrivacyDisclosure-measurereport" </p><p style="margin-bottom: 0px">Profile: <a href="StructureDefinition-IHE.BasicAudit.PrivacyDisclosure.Source.html">Audit Event for Privacy Disclosure at Source</a></p><p style="margin-bottom: 0px">Security Labels: <span title="{http://terminology.hl7.org/CodeSystem/v3-ActReason http://terminology.hl7.org/CodeSystem/v3-ActReason}">http://terminology.hl7.org/CodeSystem/v3-ActReason</span></p></div><p><b>type</b>: Export (Details: DICOM code 110106 = 'Export', stated as 'Export')</p><p><b>subtype</b>: read (Details: http://hl7.org/fhir/restful-interaction code read = 'read', stated as 'read'), Disclose Record Lifecycle Event (Details: http://terminology.hl7.org/CodeSystem/iso-21089-lifecycle code disclose = 'Disclose Record Lifecycle Event', stated as 'Disclose Record Lifecycle Event')</p><p><b>action</b>: R</p><p><b>recorded</b>: Apr 29, 2020 4:49:00 AM</p><p><b>outcome</b>: 0</p><p><b>purposeOfEvent</b>: patient requested <span style="background: LightGoldenRodYellow; margin: 4px; border: 1px solid khaki"> (<a href="http://terminology.hl7.org/3.1.0/CodeSystem-v3-ActReason.html">ActReason</a>#PATRQT)</span></p><blockquote><p><b>agent</b></p><p><b>type</b>: Source Role ID <span style="background: LightGoldenRodYellow; margin: 4px; border: 1px solid khaki"> (<a href="http://terminology.hl7.org/3.1.0/CodeSystem-v3-DCM.html">DICOM</a>#110153)</span></p><p><b>who</b>: <span>: model number ABC, serial number 1234</span></p><p><b>requestor</b>: false</p><h3>Networks</h3><table class="grid"><tr><td>-</td><td><b>Address</b></td><td><b>Type</b></td></tr><tr><td>*</td><td>myDevice.example.com</td><td>1</td></tr></table></blockquote><blockquote><p><b>agent</b></p><p><b>type</b>: Destination Role ID <span style="background: LightGoldenRodYellow; margin: 4px; border: 1px solid khaki"> (<a href="http://terminology.hl7.org/3.1.0/CodeSystem-v3-DCM.html">DICOM</a>#110152)</span></p><p><b>who</b>: <span>: myMachine.example.org</span></p><p><b>requestor</b>: false</p><h3>Networks</h3><table class="grid"><tr><td>-</td><td><b>Address</b></td><td><b>Type</b></td></tr><tr><td>*</td><td>http://server.example.com/fhir</td><td>5</td></tr></table></blockquote><blockquote><p><b>agent</b></p><p><b>type</b>: Patient Advocate <span style="background: LightGoldenRodYellow; margin: 4px; border: 1px solid khaki"> (<a href="https://browser.ihtsdotools.org/">SNOMED CT</a>#429577009)</span></p><p><b>who</b>: <a href="Patient-ex-patient.html">Patient/ex-patient</a> " SCHMIDT"</p><p><b>requestor</b>: true</p></blockquote><h3>Sources</h3><table class="grid"><tr><td>-</td><td><b>Site</b></td><td><b>Observer</b></td><td><b>Type</b></td></tr><tr><td>*</td><td>mobile app foo-bar</td><td><span>: model number ABC, serial number 1234</span></td><td>User Device (Details: http://terminology.hl7.org/CodeSystem/security-source-type code 1 = 'User Device', stated as 'User Device')</td></tr></table><blockquote><p><b>entity</b></p><p><b>what</b>: <a href="Patient-ex-patient.html">Patient/ex-patient</a> " SCHMIDT"</p><p><b>type</b>: Person (Details: http://terminology.hl7.org/CodeSystem/audit-entity-type code 1 = 'Person', stated as 'Person')</p><p><b>role</b>: Patient (Details: http://terminology.hl7.org/CodeSystem/object-role code 1 = 'Patient', stated as 'Patient')</p></blockquote><blockquote><p><b>entity</b></p><p><b>what</b>: <a href="MeasureReport-ex-measurereport.html">MeasureReport/ex-measurereport</a></p><p><b>type</b>: MeasureReport (Details: http://hl7.org/fhir/resource-types code MeasureReport = 'MeasureReport', stated as 'null')</p><p><b>role</b>: Report (Details: http://terminology.hl7.org/CodeSystem/object-role code 3 = 'Report', stated as 'Report')</p></blockquote></div>
  </text>
  <type>
    <system value="http://dicom.nema.org/resources/ontology/DCM"/>
    <code value="110106"/>
    <display value="Export"/>
  </type>
  <subtype>
    <system value="http://hl7.org/fhir/restful-interaction"/>
    <code value="read"/>
    <display value="read"/>
  </subtype>
  <subtype>
    <system value="http://terminology.hl7.org/CodeSystem/iso-21089-lifecycle"/>
    <code value="disclose"/>
    <display value="Disclose Record Lifecycle Event"/>
  </subtype>
  <action value="R"/>
  <recorded value="2020-04-29T09:49:00.000Z"/>
  <outcome value="0"/>
  <purposeOfEvent>
    <coding>
      <system value="http://terminology.hl7.org/CodeSystem/v3-ActReason"/>
      <code value="PATRQT"/>
      <display value="patient requested"/>
    </coding>
  </purposeOfEvent>
  <agent>
    <type>
      <coding>
        <system value="http://dicom.nema.org/resources/ontology/DCM"/>
        <code value="110153"/>
        <display value="Source Role ID"/>
      </coding>
    </type>
    <who>
      <display value="model number ABC, serial number 1234"/>
    </who>
    <requestor value="false"/>
    <network>
      <address value="myDevice.example.com"/>
      <type value="1"/>
    </network>
  </agent>
  <agent>
    <type>
      <coding>
        <system value="http://dicom.nema.org/resources/ontology/DCM"/>
        <code value="110152"/>
        <display value="Destination Role ID"/>
      </coding>
    </type>
    <who>
      <display value="myMachine.example.org"/>
    </who>
    <requestor value="false"/>
    <network>
      <address value="http://server.example.com/fhir"/>
      <type value="5"/>
    </network>
  </agent>
  <agent>
    <type>
      <coding>
        <system value="http://snomed.info/sct"/>
        <code value="429577009"/>
        <display value="Patient Advocate"/>
      </coding>
    </type>
    <who>
      <reference value="Patient/ex-patient"/>
    </who>
    <requestor value="true"/>
  </agent>
  <source>
    <site value="mobile app foo-bar"/>
    <observer>
      <display value="model number ABC, serial number 1234"/>
    </observer>
    <type>
      <system value="http://terminology.hl7.org/CodeSystem/security-source-type"/>
      <code value="1"/>
      <display value="User Device"/>
    </type>
  </source>
  <entity>
    <what>
      <reference value="Patient/ex-patient"/>
    </what>
    <type>
      <system value="http://terminology.hl7.org/CodeSystem/audit-entity-type"/>
      <code value="1"/>
      <display value="Person"/>
    </type>
    <role>
      <system value="http://terminology.hl7.org/CodeSystem/object-role"/>
      <code value="1"/>
      <display value="Patient"/>
    </role>
  </entity>
  <entity>
    <what>
      <reference value="MeasureReport/ex-measurereport"/>
    </what>
    <type>
      <system value="http://hl7.org/fhir/resource-types"/>
      <code value="MeasureReport"/>
    </type>
    <role>
      <system value="http://terminology.hl7.org/CodeSystem/object-role"/>
      <code value="3"/>
      <display value="Report"/>
    </role>
  </entity>
</AuditEvent>