<?xml version="1.0" encoding="UTF-8"?>

<MeasureReport xmlns="http://hl7.org/fhir">
  <id value="ex-measurereport"/>
  <meta>
    <security>
      <system value="http://terminology.hl7.org/CodeSystem/v3-ActReason"/>
      <code value="HTEST"/>
    </security>
  </meta>
  <text>
    <status value="generated"/><div xmlns="http://www.w3.org/1999/xhtml"><p><b>Generated Narrative</b></p><div style="display: inline-block; background-color: #d9e0e7; padding: 6px; margin: 4px; border: 1px solid #8da1b4; border-radius: 5px; line-height: 60%"><p style="margin-bottom: 0px">Resource "ex-measurereport" </p><p style="margin-bottom: 0px">Security Labels: <span title="{http://terminology.hl7.org/CodeSystem/v3-ActReason http://terminology.hl7.org/CodeSystem/v3-ActReason}">http://terminology.hl7.org/CodeSystem/v3-ActReason</span></p></div><p><b>status</b>: pending</p><p><b>type</b>: summary</p><p><b>measure</b>: <a href="http://example.org/fhir/uv/saner/Measure/FEMADailyHospitalCOVID19Reporting">http://example.org/fhir/uv/saner/Measure/FEMADailyHospitalCOVID19Reporting</a></p><p><b>period</b>: 2020-04-05 --&gt; 2020-04-05</p></div>
  </text>
  <status value="pending"/>
  <type value="summary"/>
  <measure value="http://example.org/fhir/uv/saner/Measure/FEMADailyHospitalCOVID19Reporting"/>
  <period>
    <start value="2020-04-05"/>
    <end value="2020-04-05"/>
  </period>
</MeasureReport>