<?xml version="1.0" encoding="UTF-8"?>

<Bundle xmlns="http://hl7.org/fhir">
  <id value="xds"/>
  <meta>
    <lastUpdated value="2013-07-01T13:11:33Z"/>
    <profile value="http://ihe.net/fhir/tag/iti-65"/>
  </meta>
  <type value="transaction"/>
  <entry>
    <fullUrl value="http://localhost:9556/svc/fhir/DocumentReference/45"/>
    <resource>
      <DocumentReference>
      <!--  To satisfied sourcePatientID (R)  -->
        <contained>
          <Patient>
            <id value="a2"/>
            <text>
              <status value="generated"/><div xmlns="http://www.w3.org/1999/xhtml">Person DOE, John, M, dob: 27/05/1956</div>
            </text>
            <identifier>
              <type>
                <coding>
                  <system value="urn:ietf:rfc:3986"/>
                  <code value="urn:ihe:iti:xds:2013:accession"/>
                </coding>
              </type>
              <use value="usual"/>
              <value value="MRN"/>
              <system value="urn:oid:1.2.3.4.5.6"/>
            </identifier>
            <name>
              <use value="usual"/>
              <text value="DOE, John"/>
              <family value="Doe"/>
              <given value="John"/>
            </name>
            <birthDate value="1956-05-27"/>
          </Patient>
        </contained>
        <meta>
          <lastUpdated value="2013-07-01T13:11:33Z"/>
        </meta>
        <text>
          <status value="generated"/><div xmlns="http://www.w3.org/1999/xhtml">

                        <a href="http://localhost:9556/svc/fhir/Binary/1e404af3-077f-4bee-b7a6-a9be97e1ce32">Document: urn:oid:129.6.58.92.88336</a> undefined, created 24/12/2005
                    </div>
        </text>
        <masterIdentifier>
          <system value="urn:ietf:rfc:3986"/>
          <value value="urn:oid:1.2.129.6.58.92.88336"/>
        </masterIdentifier>
        <status value="current"/>
        <type>
          <coding>
            <system value="http://loinc.org"/>
            <code value="34133-9"/>
            <display value="Summary of Episode Note"/>
          </coding>
        </type>
        <subject>
          <reference value="http://localhost:8080/fhir/Patient/a2"/>
        </subject>
        <author>
          <reference value="#a3"/>
        </author>
        <author>
          <reference value="#a4"/>
        </author>
        <description value="Physical"/>
        <securityLabel>
          <coding>
            <system value="http://terminology.hl7.org/CodeSystem/v3-Confidentiality"/>
            <code value="N"/>
            <display value="normal"/>
          </coding>
        </securityLabel>
        <content>
          <attachment>
            <contentType value="text/plain"/>
            <language value="en-us"/>
          </attachment>
          <format>
            <system value="http://ihe.net/fhir/ValueSet/IHE.FormatCode.codsystem"/>
            <code value="urn:ihe:iti:appc:2016:consent"/>
          </format>
        </content>
        <context>
          <sourcePatientInfo>
            <reference value="#a2"/>
          </sourcePatientInfo>
          <period>
            <start value="2004-12-23T08:00:00+10:00"/>
            <end value="2004-12-23T08:01:00+10:00"/>
          </period>
          <practiceSetting>
            <coding>
              <system value="http://connectathon.ihe"/>
              <code value="Practice-E"/>
              <display value="Ophthalmology"/>
            </coding>
          </practiceSetting>
          <facilityType>
            <coding>
              <system value="http://snomed.info/sct"/>
              <code value="35971002"/>
              <display value="Ambulatory care site"/>
            </coding>
          </facilityType>
        </context>
      </DocumentReference>
    </resource>
    <request>
      <method value="POST"/>
    </request>
  </entry>
  <entry>
    <fullUrl value="urn:uuid:3fdc72f4-a11d-4a9d-9260-a9f745779e1e"/>
    <resource>
      <DocumentManifest>
        <id value="SubmissionSet"/>
        <text>
          <status value="generated"/><div xmlns="http://www.w3.org/1999/xhtml">Text</div>
        </text>
        <contained>
          <Practitioner>
            <id value="a1"/>
            <name>
              <family value="Dopplemeyer"/>
              <given value="Sherry"/>
            </name>
            <telecom>
              <system value="email"/>
              <value value="john.doe@healthcare.example.org"/>
            </telecom>
          </Practitioner>
        </contained>
        <masterIdentifier>
          <system value="urn:ietf:rfc:3986"/>
          <value value="urn:oid:1.2.129.6.58.92.88337"/>
        </masterIdentifier>
        <status value="current"/>
        <type>
          <coding>
            <system value="http://snomed.info/sct"/>
            <code value="419955002"/>
            <display value="Residential institution"/>
          </coding>
          <text value="Hospital"/>
        </type>
        <subject>
          <reference value="http://localhost:8080/fhir/Patient/a2"/>
        </subject>
        <created value="2004-12-25T23:50:50-05:00"/>
        <author>
          <reference value="#a1"/>
        </author>
        <recipient>
          <reference value="#a1"/>
        </recipient>
        <source value="urn:oid:1.3.6.1.4.1.21367.2009.1.2.1"/>
        <description value="Physical"/>
        <content/>
        <related>
          <identifier>
            <system value="http://example.org/documents"/>
            <value value="23425234234-9999"/>
          </identifier>
          <ref>
            <reference value="DocumentReference/example"/>
          </ref>
        </related>
      </DocumentManifest>
    </resource>
  </entry>
  <entry>
    <fullUrl value="http://localhost:9556/svc/fhir/Binary/1e404af3-077f-4bee-b7a6-a9be97e1ce32"/>
    <resource>
      <Binary>
        <id value="1e404af3-077f-4bee-b7a6-a9be97e1ce32"/>
        <meta>
          <lastUpdated value="2013-07-01T13:11:33Z"/>
        </meta>
        <contentType value="text/plain"/>
      </Binary>
    </resource>
    <request>
      <method value="POST"/>
    </request>
  </entry>
</Bundle>