<?xml version="1.0" encoding="UTF-8"?>

<List xmlns="http://hl7.org/fhir">
  <id value="ex-compFolder"/>
  <meta>
    <profile value="http://profiles.ihe.net/ITI/MHD/StructureDefinition/IHE.MHD.Comprehensive.Folder"/>
    <security>
      <system value="http://terminology.hl7.org/CodeSystem/v3-ActReason"/>
      <code value="HTEST"/>
    </security>
  </meta>
  <text>
    <status value="generated"/><div xmlns="http://www.w3.org/1999/xhtml"><h2>Example Folder with comprehensive metadata</h2><table class="clstu"><tr><td>Date: Dec 25, 2004 10:50:50 PMMode: workingStatus: currentCode: Folder as a FHIR List</td></tr><tr><td>Subject: <a href="Patient-ex-patient.html">Generated Summary: John Smith , John Jacob Jingle Heimer Schnidt (OLD), John Jacob Jingleheimer Smith (OFFICIAL), Jack Smith (NICKNAME); gender: other; birthDate: 1923-07-25</a></td></tr></table><table class="grid"><tr style="backgound-color: #eeeeee"><td><b>Items</b></td></tr><tr><td><a href="DocumentReference-ex-documentreference.html">Generated Summary: status: current</a></td></tr><tr><td><a href="DocumentReference-ex-documentreference2.html">Generated Summary: status: current</a></td></tr></table></div>
  </text>
  <extension url="http://profiles.ihe.net/ITI/MHD/StructureDefinition/ihe-designationType">
    <valueCodeableConcept>
      <coding>
        <system value="http://snomed.info/sct"/>
        <code value="225728007"/>
      </coding>
    </valueCodeableConcept>
  </extension>
  <extension url="http://profiles.ihe.net/ITI/MHD/StructureDefinition/ihe-designationType">
    <valueCodeableConcept>
      <coding>
        <system value="http://snomed.info/sct"/>
        <code value="284548004"/>
      </coding>
    </valueCodeableConcept>
  </extension>
  <identifier>
    <use value="official"/>
    <system value="urn:ietf:rfc:3986"/>
    <value value="urn:oid:1.2.129.6.58.92.88337.4"/>
  </identifier>
  <identifier>
    <use value="usual"/>
    <system value="http://example.org/documents"/>
    <value value="23425234-23470"/>
  </identifier>
  <status value="current"/>
  <mode value="working"/>
  <title value="Example Folder with comprehensive metadata"/>
  <code>
    <coding>
      <system value="http://profiles.ihe.net/ITI/MHD/CodeSystem/MHDlistTypes"/>
      <code value="folder"/>
    </coding>
  </code>
  <subject>
    <reference value="Patient/ex-patient"/>
  </subject>
  <date value="2004-12-25T23:50:50-05:00"/>
  <entry>
    <item>
      <reference value="DocumentReference/ex-documentreference"/>
    </item>
  </entry>
  <entry>
    <item>
      <reference value="DocumentReference/ex-documentreference2"/>
    </item>
  </entry>
</List>