{
  "resourceType" : "CodeSystem",
  "id" : "210562a0-6d50-420c-86f1-ce3a9080a9ed-11",
  "url" : "http://hl7.org/fhir/comparison/CodeSystem/210562a0-6d50-420c-86f1-ce3a9080a9ed-11",
  "name" : "UnionCdfedcountryAndCdfedcountry",
  "title" : "Union of BeCdFedCountry And BeCdFedCountry",
  "status" : "active",
  "date" : "2022-10-03T19:39:32+00:00",
  "jurisdiction" : [{
    "coding" : [{
      "system" : "urn:iso:std:iso:3166",
      "code" : "BE",
      "display" : "Belgium"
    }]
  }],
  "concept" : [{
    "code" : "BE",
    "display" : "Belgium"
  }]
}