{
  "resourceType" : "Bundle",
  "id" : "8010e01d-0b2d-4f23-ac4d-2280443d56a0",
  "meta" : {
    "lastUpdated" : "2022-09-30T20:22:22.352+00:00"
  },
  "type" : "collection",
  "entry" : [{
    "fullUrl" : "https://www.ehealth.fgov.be/standards/fhir/core/ValueSet/be-vs-care-location",
    "resource" : {
      "resourceType" : "ValueSet",
      "id" : "be-vs-care-location",
      "text" : {
        "status" : "generated",
        "div" : "<div xmlns=\"http://www.w3.org/1999/xhtml\"><p>This value set contains 23 concepts</p><p style=\"border: black 1px dotted; background-color: #EEEEEE; padding: 8px; margin-bottom: 8px\">Expansion based on <a href=\"CodeSystem-be-cs-care-location.html\">BeCSCareLocation v2.0.1 (CodeSystem)</a></p><table class=\"codes\"><tr><td style=\"white-space:nowrap\"><b>Code</b></td><td><b>System</b></td><td><b>Display</b></td></tr><tr><td style=\"white-space:nowrap\"><a name=\"https---www.ehealth.fgov.be-standards-fhir-core-CodeSystem-be-cs-care-location-hospital\"> </a>  <a href=\"CodeSystem-be-cs-care-location.html#be-cs-care-location-hospital\">hospital</a></td><td>https://www.ehealth.fgov.be/standards/fhir/core/CodeSystem/be-cs-care-location</td><td>Hospital</td></tr><tr><td style=\"white-space:nowrap\"><a name=\"https---www.ehealth.fgov.be-standards-fhir-core-CodeSystem-be-cs-care-location-patient-home\"> </a>  <a href=\"CodeSystem-be-cs-care-location.html#be-cs-care-location-patient-home\">patient-home</a></td><td>https://www.ehealth.fgov.be/standards/fhir/core/CodeSystem/be-cs-care-location</td><td>Patient home</td></tr><tr><td style=\"white-space:nowrap\"><a name=\"https---www.ehealth.fgov.be-standards-fhir-core-CodeSystem-be-cs-care-location-nursing-home\"> </a>  <a href=\"CodeSystem-be-cs-care-location.html#be-cs-care-location-nursing-home\">nursing-home</a></td><td>https://www.ehealth.fgov.be/standards/fhir/core/CodeSystem/be-cs-care-location</td><td>Nursing home</td></tr><tr><td style=\"white-space:nowrap\"><a name=\"https---www.ehealth.fgov.be-standards-fhir-core-CodeSystem-be-cs-care-location-recovery-home\"> </a>  <a href=\"CodeSystem-be-cs-care-location.html#be-cs-care-location-recovery-home\">recovery-home</a></td><td>https://www.ehealth.fgov.be/standards/fhir/core/CodeSystem/be-cs-care-location</td><td>Recovery home</td></tr><tr><td style=\"white-space:nowrap\"><a name=\"https---www.ehealth.fgov.be-standards-fhir-core-CodeSystem-be-cs-care-location-workplace\"> </a>  <a href=\"CodeSystem-be-cs-care-location.html#be-cs-care-location-workplace\">workplace</a></td><td>https://www.ehealth.fgov.be/standards/fhir/core/CodeSystem/be-cs-care-location</td><td>Workplace</td></tr><tr><td style=\"white-space:nowrap\"><a name=\"https---www.ehealth.fgov.be-standards-fhir-core-CodeSystem-be-cs-care-location-medical-center\"> </a>  <a href=\"CodeSystem-be-cs-care-location.html#be-cs-care-location-medical-center\">medical-center</a></td><td>https://www.ehealth.fgov.be/standards/fhir/core/CodeSystem/be-cs-care-location</td><td>Medical center</td></tr><tr><td style=\"white-space:nowrap\"><a name=\"https---www.ehealth.fgov.be-standards-fhir-core-CodeSystem-be-cs-care-location-clinic\"> </a>  <a href=\"CodeSystem-be-cs-care-location.html#be-cs-care-location-clinic\">clinic</a></td><td>https://www.ehealth.fgov.be/standards/fhir/core/CodeSystem/be-cs-care-location</td><td>Clinic</td></tr><tr><td style=\"white-space:nowrap\"><a name=\"https---www.ehealth.fgov.be-standards-fhir-core-CodeSystem-be-cs-care-location-pediatric-ic\"> </a>  <a href=\"CodeSystem-be-cs-care-location.html#be-cs-care-location-pediatric-ic\">pediatric-ic</a></td><td>https://www.ehealth.fgov.be/standards/fhir/core/CodeSystem/be-cs-care-location</td><td>Pediatric ic</td></tr><tr><td style=\"white-space:nowrap\"><a name=\"https---www.ehealth.fgov.be-standards-fhir-core-CodeSystem-be-cs-care-location-neonatal-ic\"> </a>  <a href=\"CodeSystem-be-cs-care-location.html#be-cs-care-location-neonatal-ic\">neonatal-ic</a></td><td>https://www.ehealth.fgov.be/standards/fhir/core/CodeSystem/be-cs-care-location</td><td>Neonatal ic</td></tr><tr><td style=\"white-space:nowrap\"><a name=\"https---www.ehealth.fgov.be-standards-fhir-core-CodeSystem-be-cs-care-location-prenatal-consult\"> </a>  <a href=\"CodeSystem-be-cs-care-location.html#be-cs-care-location-prenatal-consult\">prenatal-consult</a></td><td>https://www.ehealth.fgov.be/standards/fhir/core/CodeSystem/be-cs-care-location</td><td>Prenatal consult</td></tr><tr><td style=\"white-space:nowrap\"><a name=\"https---www.ehealth.fgov.be-standards-fhir-core-CodeSystem-be-cs-care-location-m-accueil\"> </a>  <a href=\"CodeSystem-be-cs-care-location.html#be-cs-care-location-m-accueil\">m-accueil</a></td><td>https://www.ehealth.fgov.be/standards/fhir/core/CodeSystem/be-cs-care-location</td><td>m-accueil</td></tr><tr><td style=\"white-space:nowrap\"><a name=\"https---www.ehealth.fgov.be-standards-fhir-core-CodeSystem-be-cs-care-location-child-consult\"> </a>  <a href=\"CodeSystem-be-cs-care-location.html#be-cs-care-location-child-consult\">child-consult</a></td><td>https://www.ehealth.fgov.be/standards/fhir/core/CodeSystem/be-cs-care-location</td><td>Child consult</td></tr><tr><td style=\"white-space:nowrap\"><a name=\"https---www.ehealth.fgov.be-standards-fhir-core-CodeSystem-be-cs-care-location-one\"> </a>  <a href=\"CodeSystem-be-cs-care-location.html#be-cs-care-location-one\">one</a></td><td>https://www.ehealth.fgov.be/standards/fhir/core/CodeSystem/be-cs-care-location</td><td>ONE</td></tr><tr><td style=\"white-space:nowrap\"><a name=\"https---www.ehealth.fgov.be-standards-fhir-core-CodeSystem-be-cs-care-location-kind-gezin\"> </a>  <a href=\"CodeSystem-be-cs-care-location.html#be-cs-care-location-kind-gezin\">kind-gezin</a></td><td>https://www.ehealth.fgov.be/standards/fhir/core/CodeSystem/be-cs-care-location</td><td>Kind en gezin</td></tr><tr><td style=\"white-space:nowrap\"><a name=\"https---www.ehealth.fgov.be-standards-fhir-core-CodeSystem-be-cs-care-location-ambulance\"> </a>  <a href=\"CodeSystem-be-cs-care-location.html#be-cs-care-location-ambulance\">ambulance</a></td><td>https://www.ehealth.fgov.be/standards/fhir/core/CodeSystem/be-cs-care-location</td><td>Ambulance</td></tr><tr><td style=\"white-space:nowrap\"><a name=\"https---www.ehealth.fgov.be-standards-fhir-core-CodeSystem-be-cs-care-location-school\"> </a>  <a href=\"CodeSystem-be-cs-care-location.html#be-cs-care-location-school\">school</a></td><td>https://www.ehealth.fgov.be/standards/fhir/core/CodeSystem/be-cs-care-location</td><td>School</td></tr><tr><td style=\"white-space:nowrap\"><a name=\"https---www.ehealth.fgov.be-standards-fhir-core-CodeSystem-be-cs-care-location-school-health-serv\"> </a>  <a href=\"CodeSystem-be-cs-care-location.html#be-cs-care-location-school-health-serv\">school-health-serv</a></td><td>https://www.ehealth.fgov.be/standards/fhir/core/CodeSystem/be-cs-care-location</td><td>School health services</td></tr><tr><td style=\"white-space:nowrap\"><a name=\"https---www.ehealth.fgov.be-standards-fhir-core-CodeSystem-be-cs-care-location-pharmacy\"> </a>  <a href=\"CodeSystem-be-cs-care-location.html#be-cs-care-location-pharmacy\">pharmacy</a></td><td>https://www.ehealth.fgov.be/standards/fhir/core/CodeSystem/be-cs-care-location</td><td>Pharmacy</td></tr><tr><td style=\"white-space:nowrap\"><a name=\"https---www.ehealth.fgov.be-standards-fhir-core-CodeSystem-be-cs-care-location-med-monde\"> </a>  <a href=\"CodeSystem-be-cs-care-location.html#be-cs-care-location-med-monde\">med-monde</a></td><td>https://www.ehealth.fgov.be/standards/fhir/core/CodeSystem/be-cs-care-location</td><td>Med monde</td></tr><tr><td style=\"white-space:nowrap\"><a name=\"https---www.ehealth.fgov.be-standards-fhir-core-CodeSystem-be-cs-care-location-ngo\"> </a>  <a href=\"CodeSystem-be-cs-care-location.html#be-cs-care-location-ngo\">ngo</a></td><td>https://www.ehealth.fgov.be/standards/fhir/core/CodeSystem/be-cs-care-location</td><td>Non-Governmental Organization</td></tr><tr><td style=\"white-space:nowrap\"><a name=\"https---www.ehealth.fgov.be-standards-fhir-core-CodeSystem-be-cs-care-location-family-planning\"> </a>  <a href=\"CodeSystem-be-cs-care-location.html#be-cs-care-location-family-planning\">family-planning</a></td><td>https://www.ehealth.fgov.be/standards/fhir/core/CodeSystem/be-cs-care-location</td><td>Family planning</td></tr><tr><td style=\"white-space:nowrap\"><a name=\"https---www.ehealth.fgov.be-standards-fhir-core-CodeSystem-be-cs-care-location-abroad\"> </a>  <a href=\"CodeSystem-be-cs-care-location.html#be-cs-care-location-abroad\">abroad</a></td><td>https://www.ehealth.fgov.be/standards/fhir/core/CodeSystem/be-cs-care-location</td><td>Abroad</td></tr><tr><td style=\"white-space:nowrap\"><a name=\"https---www.ehealth.fgov.be-standards-fhir-core-CodeSystem-be-cs-care-location-other\"> </a>  <a href=\"CodeSystem-be-cs-care-location.html#be-cs-care-location-other\">other</a></td><td>https://www.ehealth.fgov.be/standards/fhir/core/CodeSystem/be-cs-care-location</td><td>other</td></tr></table></div>"
      },
      "url" : "https://www.ehealth.fgov.be/standards/fhir/core/ValueSet/be-vs-care-location",
      "version" : "2.0.1",
      "name" : "BeVSCareLocation",
      "title" : "Care Location Value Set",
      "status" : "active",
      "date" : "2021-01-10T10:59:49+00:00",
      "publisher" : "eHealth Platform",
      "contact" : [{
        "name" : "eHealth Platform",
        "telecom" : [{
          "system" : "url",
          "value" : "https://www.ehealth.fgov.be"
        },
        {
          "system" : "email",
          "value" : "message-structure@www.ehealth.fgov.be"
        }]
      },
      {
        "name" : "Message-Structure",
        "telecom" : [{
          "system" : "email",
          "value" : "message-structure@www.ehealth.fgov.be",
          "use" : "work"
        }]
      }],
      "description" : "Care Location Value Set",
      "jurisdiction" : [{
        "coding" : [{
          "system" : "urn:iso:std:iso:3166",
          "code" : "BE",
          "display" : "Belgium"
        }]
      }],
      "expansion" : {
        "identifier" : "urn:uuid:620981ab-2e7a-4cb2-9f3f-f7e020374bfe",
        "timestamp" : "2022-09-30T20:22:47+00:00",
        "total" : 23,
        "parameter" : [{
          "name" : "excludeNested",
          "valueBoolean" : false
        },
        {
          "name" : "version",
          "valueUri" : "https://www.ehealth.fgov.be/standards/fhir/core/CodeSystem/be-cs-care-location|2.0.1"
        }],
        "contains" : [{
          "system" : "https://www.ehealth.fgov.be/standards/fhir/core/CodeSystem/be-cs-care-location",
          "code" : "hospital",
          "display" : "Hospital"
        },
        {
          "system" : "https://www.ehealth.fgov.be/standards/fhir/core/CodeSystem/be-cs-care-location",
          "code" : "patient-home",
          "display" : "Patient home"
        },
        {
          "system" : "https://www.ehealth.fgov.be/standards/fhir/core/CodeSystem/be-cs-care-location",
          "code" : "nursing-home",
          "display" : "Nursing home"
        },
        {
          "system" : "https://www.ehealth.fgov.be/standards/fhir/core/CodeSystem/be-cs-care-location",
          "code" : "recovery-home",
          "display" : "Recovery home"
        },
        {
          "system" : "https://www.ehealth.fgov.be/standards/fhir/core/CodeSystem/be-cs-care-location",
          "code" : "workplace",
          "display" : "Workplace"
        },
        {
          "system" : "https://www.ehealth.fgov.be/standards/fhir/core/CodeSystem/be-cs-care-location",
          "code" : "medical-center",
          "display" : "Medical center"
        },
        {
          "system" : "https://www.ehealth.fgov.be/standards/fhir/core/CodeSystem/be-cs-care-location",
          "code" : "clinic",
          "display" : "Clinic"
        },
        {
          "system" : "https://www.ehealth.fgov.be/standards/fhir/core/CodeSystem/be-cs-care-location",
          "code" : "pediatric-ic",
          "display" : "Pediatric ic"
        },
        {
          "system" : "https://www.ehealth.fgov.be/standards/fhir/core/CodeSystem/be-cs-care-location",
          "code" : "neonatal-ic",
          "display" : "Neonatal ic"
        },
        {
          "system" : "https://www.ehealth.fgov.be/standards/fhir/core/CodeSystem/be-cs-care-location",
          "code" : "prenatal-consult",
          "display" : "Prenatal consult"
        },
        {
          "system" : "https://www.ehealth.fgov.be/standards/fhir/core/CodeSystem/be-cs-care-location",
          "code" : "m-accueil",
          "display" : "m-accueil"
        },
        {
          "system" : "https://www.ehealth.fgov.be/standards/fhir/core/CodeSystem/be-cs-care-location",
          "code" : "child-consult",
          "display" : "Child consult"
        },
        {
          "system" : "https://www.ehealth.fgov.be/standards/fhir/core/CodeSystem/be-cs-care-location",
          "code" : "one",
          "display" : "ONE"
        },
        {
          "system" : "https://www.ehealth.fgov.be/standards/fhir/core/CodeSystem/be-cs-care-location",
          "code" : "kind-gezin",
          "display" : "Kind en gezin"
        },
        {
          "system" : "https://www.ehealth.fgov.be/standards/fhir/core/CodeSystem/be-cs-care-location",
          "code" : "ambulance",
          "display" : "Ambulance"
        },
        {
          "system" : "https://www.ehealth.fgov.be/standards/fhir/core/CodeSystem/be-cs-care-location",
          "code" : "school",
          "display" : "School"
        },
        {
          "system" : "https://www.ehealth.fgov.be/standards/fhir/core/CodeSystem/be-cs-care-location",
          "code" : "school-health-serv",
          "display" : "School health services"
        },
        {
          "system" : "https://www.ehealth.fgov.be/standards/fhir/core/CodeSystem/be-cs-care-location",
          "code" : "pharmacy",
          "display" : "Pharmacy"
        },
        {
          "system" : "https://www.ehealth.fgov.be/standards/fhir/core/CodeSystem/be-cs-care-location",
          "code" : "med-monde",
          "display" : "Med monde"
        },
        {
          "system" : "https://www.ehealth.fgov.be/standards/fhir/core/CodeSystem/be-cs-care-location",
          "code" : "ngo",
          "display" : "Non-Governmental Organization"
        },
        {
          "system" : "https://www.ehealth.fgov.be/standards/fhir/core/CodeSystem/be-cs-care-location",
          "code" : "family-planning",
          "display" : "Family planning"
        },
        {
          "system" : "https://www.ehealth.fgov.be/standards/fhir/core/CodeSystem/be-cs-care-location",
          "code" : "abroad",
          "display" : "Abroad"
        },
        {
          "system" : "https://www.ehealth.fgov.be/standards/fhir/core/CodeSystem/be-cs-care-location",
          "code" : "other",
          "display" : "other"
        }]
      }
    }
  },
  {
    "fullUrl" : "https://www.ehealth.fgov.be/standards/fhir/core/ValueSet/be-civilstate",
    "resource" : {
      "resourceType" : "ValueSet",
      "id" : "be-civilstate",
      "text" : {
        "status" : "generated",
        "div" : "<div xmlns=\"http://www.w3.org/1999/xhtml\"><p>This value set contains 15 concepts</p><div style=\"border: black 1px dotted; background-color: #EEEEEE; padding: 8px; margin-bottom: 8px\"><p>Expansion based on: </p><ul><li><a href=\"CodeSystem-cd-civilstate.html\">BeCdCivilState v2.0.1 (CodeSystem)</a></li><li><a href=\"http://terminology.hl7.org/4.0.0/CodeSystem-v3-MaritalStatus.html\">MaritalStatus v2.1.0 (CodeSystem)</a></li><li><a href=\"http://terminology.hl7.org/4.0.0/CodeSystem-v3-NullFlavor.html\">NullFlavor v2.1.0 (CodeSystem)</a></li></ul></div><table class=\"codes\"><tr><td style=\"white-space:nowrap\"><b>Code</b></td><td><b>System</b></td><td><b>Display</b></td><td><b>Definition</b></td></tr><tr><td style=\"white-space:nowrap\"><a name=\"http---terminology.hl7.org-CodeSystem-v3-MaritalStatus-A\"> </a>  <a href=\"http://terminology.hl7.org/4.0.0/CodeSystem-v3-MaritalStatus.html#v3-MaritalStatus-A\">A</a></td><td>http://terminology.hl7.org/CodeSystem/v3-MaritalStatus</td><td>Annulled</td><td><div><p>Marriage contract has been declared null and to not have existed</p>\n</div></td></tr><tr><td style=\"white-space:nowrap\"><a name=\"http---terminology.hl7.org-CodeSystem-v3-MaritalStatus-D\"> </a>  <a href=\"http://terminology.hl7.org/4.0.0/CodeSystem-v3-MaritalStatus.html#v3-MaritalStatus-D\">D</a></td><td>http://terminology.hl7.org/CodeSystem/v3-MaritalStatus</td><td>Divorced</td><td><div><p>Marriage contract has been declared dissolved and inactive</p>\n</div></td></tr><tr><td style=\"white-space:nowrap\"><a name=\"http---terminology.hl7.org-CodeSystem-v3-MaritalStatus-M\"> </a>  <a href=\"http://terminology.hl7.org/4.0.0/CodeSystem-v3-MaritalStatus.html#v3-MaritalStatus-M\">M</a></td><td>http://terminology.hl7.org/CodeSystem/v3-MaritalStatus</td><td>Married</td><td><div><p>A current marriage contract is active</p>\n</div></td></tr><tr><td style=\"white-space:nowrap\"><a name=\"http---terminology.hl7.org-CodeSystem-v3-MaritalStatus-U\"> </a>  <a href=\"http://terminology.hl7.org/4.0.0/CodeSystem-v3-MaritalStatus.html#v3-MaritalStatus-U\">U</a></td><td>http://terminology.hl7.org/CodeSystem/v3-MaritalStatus</td><td>unmarried</td><td><div><p>Currently not in a marriage contract.</p>\n</div></td></tr><tr><td style=\"white-space:nowrap\"><a name=\"http---terminology.hl7.org-CodeSystem-v3-MaritalStatus-W\"> </a>  <a href=\"http://terminology.hl7.org/4.0.0/CodeSystem-v3-MaritalStatus.html#v3-MaritalStatus-W\">W</a></td><td>http://terminology.hl7.org/CodeSystem/v3-MaritalStatus</td><td>Widowed</td><td><div><p>The spouse has died</p>\n</div></td></tr><tr><td style=\"white-space:nowrap\"><a name=\"https---www.ehealth.fgov.be-standards-fhir-core-CodeSystem-cd-civilstate-10\"> </a>  <a href=\"CodeSystem-cd-civilstate.html#cd-civilstate-10\">10</a></td><td>https://www.ehealth.fgov.be/standards/fhir/core/CodeSystem/cd-civilstate</td><td>Unmarried</td><td/></tr><tr><td style=\"white-space:nowrap\"><a name=\"https---www.ehealth.fgov.be-standards-fhir-core-CodeSystem-cd-civilstate-26\"> </a>  <a href=\"CodeSystem-cd-civilstate.html#cd-civilstate-26\">26</a></td><td>https://www.ehealth.fgov.be/standards/fhir/core/CodeSystem/cd-civilstate</td><td>Putative marriage</td><td/></tr><tr><td style=\"white-space:nowrap\"><a name=\"https---www.ehealth.fgov.be-standards-fhir-core-CodeSystem-cd-civilstate-40\"> </a>  <a href=\"CodeSystem-cd-civilstate.html#cd-civilstate-40\">40</a></td><td>https://www.ehealth.fgov.be/standards/fhir/core/CodeSystem/cd-civilstate</td><td>Divorced</td><td/></tr><tr><td style=\"white-space:nowrap\"><a name=\"https---www.ehealth.fgov.be-standards-fhir-core-CodeSystem-cd-civilstate-41\"> </a>  <a href=\"CodeSystem-cd-civilstate.html#cd-civilstate-41\">41</a></td><td>https://www.ehealth.fgov.be/standards/fhir/core/CodeSystem/cd-civilstate</td><td>Divorced since 1/10/1994</td><td/></tr><tr><td style=\"white-space:nowrap\"><a name=\"https---www.ehealth.fgov.be-standards-fhir-core-CodeSystem-cd-civilstate-50\"> </a>  <a href=\"CodeSystem-cd-civilstate.html#cd-civilstate-50\">50</a></td><td>https://www.ehealth.fgov.be/standards/fhir/core/CodeSystem/cd-civilstate</td><td>Legal separation</td><td/></tr><tr><td style=\"white-space:nowrap\"><a name=\"https---www.ehealth.fgov.be-standards-fhir-core-CodeSystem-cd-civilstate-51\"> </a>  <a href=\"CodeSystem-cd-civilstate.html#cd-civilstate-51\">51</a></td><td>https://www.ehealth.fgov.be/standards/fhir/core/CodeSystem/cd-civilstate</td><td>Legal separation since 1/10/1994</td><td/></tr><tr><td style=\"white-space:nowrap\"><a name=\"https---www.ehealth.fgov.be-standards-fhir-core-CodeSystem-cd-civilstate-60\"> </a>  <a href=\"CodeSystem-cd-civilstate.html#cd-civilstate-60\">60</a></td><td>https://www.ehealth.fgov.be/standards/fhir/core/CodeSystem/cd-civilstate</td><td>Repudiation</td><td/></tr><tr><td style=\"white-space:nowrap\"><a name=\"https---www.ehealth.fgov.be-standards-fhir-core-CodeSystem-cd-civilstate-80\"> </a>  <a href=\"CodeSystem-cd-civilstate.html#cd-civilstate-80\">80</a></td><td>https://www.ehealth.fgov.be/standards/fhir/core/CodeSystem/cd-civilstate</td><td>Partnership</td><td/></tr><tr><td style=\"white-space:nowrap\"><a name=\"https---www.ehealth.fgov.be-standards-fhir-core-CodeSystem-cd-civilstate-81\"> </a>  <a href=\"CodeSystem-cd-civilstate.html#cd-civilstate-81\">81</a></td><td>https://www.ehealth.fgov.be/standards/fhir/core/CodeSystem/cd-civilstate</td><td>End of partnership</td><td/></tr><tr><td style=\"white-space:nowrap\"><a name=\"http---terminology.hl7.org-CodeSystem-v3-NullFlavor-UNK\"> </a>  <a href=\"http://terminology.hl7.org/4.0.0/CodeSystem-v3-NullFlavor.html#v3-NullFlavor-UNK\">UNK</a></td><td>http://terminology.hl7.org/CodeSystem/v3-NullFlavor</td><td>unknown</td><td><div><p>**Description:**A proper value is applicable, but not known.</p>\n<p><strong>Usage Notes</strong>: This means the actual value is not known. If the only thing that is unknown is how to properly express the value in the necessary constraints (value set, datatype, etc.), then the OTH or UNC flavor should be used. No properties should be included for a datatype with this property unless:</p>\n<ol>\n<li>Those properties themselves directly translate to a semantic of &quot;unknown&quot;. (E.g. a local code sent as a translation that conveys 'unknown')</li>\n<li>Those properties further qualify the nature of what is unknown. (E.g. specifying a use code of &quot;H&quot; and a URL prefix of &quot;tel:&quot; to convey that it is the home phone number that is unknown.)</li>\n</ol>\n</div></td></tr></table></div>"
      },
      "url" : "https://www.ehealth.fgov.be/standards/fhir/core/ValueSet/be-civilstate",
      "version" : "2.0.1",
      "name" : "BeCivilstate",
      "status" : "active",
      "date" : "2022-09-30T20:22:22+00:00",
      "publisher" : "eHealth Platform",
      "contact" : [{
        "name" : "eHealth Platform",
        "telecom" : [{
          "system" : "url",
          "value" : "https://www.ehealth.fgov.be"
        },
        {
          "system" : "email",
          "value" : "message-structure@www.ehealth.fgov.be"
        }]
      },
      {
        "name" : "Message-Structure",
        "telecom" : [{
          "system" : "email",
          "value" : "message-structure@www.ehealth.fgov.be",
          "use" : "work"
        }]
      }],
      "description" : "Codes supported by eHealth Platform differentiating types of civil state. This valueset supports the Belgian federal FHIR profiling effort. Whenever possible add a code from http://terminology.hl7.org/CodeSystem/v3-MaritalStatus for international interoperability but also use https://www.ehealth.fgov.be/standards/fhir/core/CodeSystem/CD-CIVILSTATE for the Belgian specific code.",
      "jurisdiction" : [{
        "coding" : [{
          "system" : "urn:iso:std:iso:3166",
          "code" : "BE",
          "display" : "Belgium"
        }]
      }],
      "expansion" : {
        "identifier" : "urn:uuid:b00b22ea-6525-46fb-a419-a6f689805ce3",
        "timestamp" : "2022-09-30T20:22:51+00:00",
        "total" : 15,
        "parameter" : [{
          "name" : "excludeNested",
          "valueBoolean" : false
        },
        {
          "name" : "version",
          "valueUri" : "http://terminology.hl7.org/CodeSystem/v3-MaritalStatus|2.1.0"
        },
        {
          "name" : "version",
          "valueUri" : "https://www.ehealth.fgov.be/standards/fhir/core/CodeSystem/cd-civilstate|2.0.1"
        },
        {
          "name" : "version",
          "valueUri" : "http://terminology.hl7.org/CodeSystem/v3-NullFlavor|2.1.0"
        }],
        "contains" : [{
          "system" : "http://terminology.hl7.org/CodeSystem/v3-MaritalStatus",
          "code" : "A",
          "display" : "Annulled"
        },
        {
          "system" : "http://terminology.hl7.org/CodeSystem/v3-MaritalStatus",
          "code" : "D",
          "display" : "Divorced"
        },
        {
          "system" : "http://terminology.hl7.org/CodeSystem/v3-MaritalStatus",
          "code" : "M",
          "display" : "Married"
        },
        {
          "system" : "http://terminology.hl7.org/CodeSystem/v3-MaritalStatus",
          "code" : "U",
          "display" : "unmarried"
        },
        {
          "system" : "http://terminology.hl7.org/CodeSystem/v3-MaritalStatus",
          "code" : "W",
          "display" : "Widowed"
        },
        {
          "system" : "https://www.ehealth.fgov.be/standards/fhir/core/CodeSystem/cd-civilstate",
          "code" : "10",
          "display" : "Unmarried"
        },
        {
          "system" : "https://www.ehealth.fgov.be/standards/fhir/core/CodeSystem/cd-civilstate",
          "code" : "26",
          "display" : "Putative marriage"
        },
        {
          "system" : "https://www.ehealth.fgov.be/standards/fhir/core/CodeSystem/cd-civilstate",
          "code" : "40",
          "display" : "Divorced"
        },
        {
          "system" : "https://www.ehealth.fgov.be/standards/fhir/core/CodeSystem/cd-civilstate",
          "code" : "41",
          "display" : "Divorced since 1/10/1994"
        },
        {
          "system" : "https://www.ehealth.fgov.be/standards/fhir/core/CodeSystem/cd-civilstate",
          "code" : "50",
          "display" : "Legal separation"
        },
        {
          "system" : "https://www.ehealth.fgov.be/standards/fhir/core/CodeSystem/cd-civilstate",
          "code" : "51",
          "display" : "Legal separation since 1/10/1994"
        },
        {
          "system" : "https://www.ehealth.fgov.be/standards/fhir/core/CodeSystem/cd-civilstate",
          "code" : "60",
          "display" : "Repudiation"
        },
        {
          "system" : "https://www.ehealth.fgov.be/standards/fhir/core/CodeSystem/cd-civilstate",
          "code" : "80",
          "display" : "Partnership"
        },
        {
          "system" : "https://www.ehealth.fgov.be/standards/fhir/core/CodeSystem/cd-civilstate",
          "code" : "81",
          "display" : "End of partnership"
        },
        {
          "system" : "http://terminology.hl7.org/CodeSystem/v3-NullFlavor",
          "code" : "UNK",
          "display" : "unknown"
        }]
      }
    }
  },
  {
    "fullUrl" : "https://www.ehealth.fgov.be/standards/fhir/core/ValueSet/be-contactperson",
    "resource" : {
      "resourceType" : "ValueSet",
      "id" : "be-contactperson",
      "text" : {
        "status" : "generated",
        "div" : "<div xmlns=\"http://www.w3.org/1999/xhtml\"><p>This value set contains 34 concepts</p><div style=\"border: black 1px dotted; background-color: #EEEEEE; padding: 8px; margin-bottom: 8px\"><p>Expansion based on: </p><ul><li><a href=\"http://terminology.hl7.org/4.0.0/CodeSystem-v2-0131.html\">contactRole2 v2.1.0 (CodeSystem)</a></li><li><a href=\"CodeSystem-cd-contact-person.html\">BeCdContactPerson v2.0.1 (CodeSystem)</a></li></ul></div><table class=\"codes\"><tr><td style=\"white-space:nowrap\"><b>Code</b></td><td><b>System</b></td><td><b>Display</b></td><td><b>Definition</b></td></tr><tr><td style=\"white-space:nowrap\"><a name=\"http---terminology.hl7.org-CodeSystem-v2-0131-BP\"> </a>  <a href=\"http://terminology.hl7.org/4.0.0/CodeSystem-v2-0131.html#v2-0131-BP\">BP</a></td><td>http://terminology.hl7.org/CodeSystem/v2-0131</td><td>Billing contact person</td><td><div><p>Billing contact person</p>\n</div></td></tr><tr><td style=\"white-space:nowrap\"><a name=\"http---terminology.hl7.org-CodeSystem-v2-0131-CP\"> </a>  <a href=\"http://terminology.hl7.org/4.0.0/CodeSystem-v2-0131.html#v2-0131-CP\">CP</a></td><td>http://terminology.hl7.org/CodeSystem/v2-0131</td><td>Contact person</td><td><div><p>Contact person</p>\n</div></td></tr><tr><td style=\"white-space:nowrap\"><a name=\"http---terminology.hl7.org-CodeSystem-v2-0131-EP\"> </a>  <a href=\"http://terminology.hl7.org/4.0.0/CodeSystem-v2-0131.html#v2-0131-EP\">EP</a></td><td>http://terminology.hl7.org/CodeSystem/v2-0131</td><td>Emergency contact person</td><td><div><p>Emergency contact person</p>\n</div></td></tr><tr><td style=\"white-space:nowrap\"><a name=\"http---terminology.hl7.org-CodeSystem-v2-0131-PR\"> </a>  <a href=\"http://terminology.hl7.org/4.0.0/CodeSystem-v2-0131.html#v2-0131-PR\">PR</a></td><td>http://terminology.hl7.org/CodeSystem/v2-0131</td><td>Person preparing referral</td><td><div><p>Person preparing referral</p>\n</div></td></tr><tr><td style=\"white-space:nowrap\"><a name=\"http---terminology.hl7.org-CodeSystem-v2-0131-E\"> </a>  <a href=\"http://terminology.hl7.org/4.0.0/CodeSystem-v2-0131.html#v2-0131-E\">E</a></td><td>http://terminology.hl7.org/CodeSystem/v2-0131</td><td>Employer</td><td><div><p>Employer</p>\n</div></td></tr><tr><td style=\"white-space:nowrap\"><a name=\"http---terminology.hl7.org-CodeSystem-v2-0131-C\"> </a>  <a href=\"http://terminology.hl7.org/4.0.0/CodeSystem-v2-0131.html#v2-0131-C\">C</a></td><td>http://terminology.hl7.org/CodeSystem/v2-0131</td><td>Emergency Contact</td><td><div><p>Emergency Contact</p>\n</div></td></tr><tr><td style=\"white-space:nowrap\"><a name=\"http---terminology.hl7.org-CodeSystem-v2-0131-F\"> </a>  <a href=\"http://terminology.hl7.org/4.0.0/CodeSystem-v2-0131.html#v2-0131-F\">F</a></td><td>http://terminology.hl7.org/CodeSystem/v2-0131</td><td>Federal Agency</td><td><div><p>Federal Agency</p>\n</div></td></tr><tr><td style=\"white-space:nowrap\"><a name=\"http---terminology.hl7.org-CodeSystem-v2-0131-I\"> </a>  <a href=\"http://terminology.hl7.org/4.0.0/CodeSystem-v2-0131.html#v2-0131-I\">I</a></td><td>http://terminology.hl7.org/CodeSystem/v2-0131</td><td>Insurance Company</td><td><div><p>Insurance Company</p>\n</div></td></tr><tr><td style=\"white-space:nowrap\"><a name=\"http---terminology.hl7.org-CodeSystem-v2-0131-N\"> </a>  <a href=\"http://terminology.hl7.org/4.0.0/CodeSystem-v2-0131.html#v2-0131-N\">N</a></td><td>http://terminology.hl7.org/CodeSystem/v2-0131</td><td>Next-of-Kin</td><td><div><p>Next-of-Kin</p>\n</div></td></tr><tr><td style=\"white-space:nowrap\"><a name=\"http---terminology.hl7.org-CodeSystem-v2-0131-S\"> </a>  <a href=\"http://terminology.hl7.org/4.0.0/CodeSystem-v2-0131.html#v2-0131-S\">S</a></td><td>http://terminology.hl7.org/CodeSystem/v2-0131</td><td>State Agency</td><td><div><p>State Agency</p>\n</div></td></tr><tr><td style=\"white-space:nowrap\"><a name=\"http---terminology.hl7.org-CodeSystem-v2-0131-U\"> </a>  <a href=\"http://terminology.hl7.org/4.0.0/CodeSystem-v2-0131.html#v2-0131-U\">U</a></td><td>http://terminology.hl7.org/CodeSystem/v2-0131</td><td>Unknown</td><td><div><p>Unknown</p>\n</div></td></tr><tr><td style=\"white-space:nowrap\"><a name=\"https---www.ehealth.fgov.be-standards-fhir-core-CodeSystem-cd-contact-person-father\"> </a>  <a href=\"CodeSystem-cd-contact-person.html#cd-contact-person-father\">father</a></td><td>https://www.ehealth.fgov.be/standards/fhir/core/CodeSystem/cd-contact-person</td><td>father</td><td/></tr><tr><td style=\"white-space:nowrap\"><a name=\"https---www.ehealth.fgov.be-standards-fhir-core-CodeSystem-cd-contact-person-mother\"> </a>  <a href=\"CodeSystem-cd-contact-person.html#cd-contact-person-mother\">mother</a></td><td>https://www.ehealth.fgov.be/standards/fhir/core/CodeSystem/cd-contact-person</td><td>mother</td><td/></tr><tr><td style=\"white-space:nowrap\"><a name=\"https---www.ehealth.fgov.be-standards-fhir-core-CodeSystem-cd-contact-person-child\"> </a>  <a href=\"CodeSystem-cd-contact-person.html#cd-contact-person-child\">child</a></td><td>https://www.ehealth.fgov.be/standards/fhir/core/CodeSystem/cd-contact-person</td><td>child</td><td/></tr><tr><td style=\"white-space:nowrap\"><a name=\"https---www.ehealth.fgov.be-standards-fhir-core-CodeSystem-cd-contact-person-spouse\"> </a>  <a href=\"CodeSystem-cd-contact-person.html#cd-contact-person-spouse\">spouse</a></td><td>https://www.ehealth.fgov.be/standards/fhir/core/CodeSystem/cd-contact-person</td><td>spouse</td><td/></tr><tr><td style=\"white-space:nowrap\"><a name=\"https---www.ehealth.fgov.be-standards-fhir-core-CodeSystem-cd-contact-person-husband\"> </a>  <a href=\"CodeSystem-cd-contact-person.html#cd-contact-person-husband\">husband</a></td><td>https://www.ehealth.fgov.be/standards/fhir/core/CodeSystem/cd-contact-person</td><td>husband</td><td/></tr><tr><td style=\"white-space:nowrap\"><a name=\"https---www.ehealth.fgov.be-standards-fhir-core-CodeSystem-cd-contact-person-partner\"> </a>  <a href=\"CodeSystem-cd-contact-person.html#cd-contact-person-partner\">partner</a></td><td>https://www.ehealth.fgov.be/standards/fhir/core/CodeSystem/cd-contact-person</td><td>partner</td><td/></tr><tr><td style=\"white-space:nowrap\"><a name=\"https---www.ehealth.fgov.be-standards-fhir-core-CodeSystem-cd-contact-person-brother\"> </a>  <a href=\"CodeSystem-cd-contact-person.html#cd-contact-person-brother\">brother</a></td><td>https://www.ehealth.fgov.be/standards/fhir/core/CodeSystem/cd-contact-person</td><td>brother</td><td/></tr><tr><td style=\"white-space:nowrap\"><a name=\"https---www.ehealth.fgov.be-standards-fhir-core-CodeSystem-cd-contact-person-sister\"> </a>  <a href=\"CodeSystem-cd-contact-person.html#cd-contact-person-sister\">sister</a></td><td>https://www.ehealth.fgov.be/standards/fhir/core/CodeSystem/cd-contact-person</td><td>sister</td><td/></tr><tr><td style=\"white-space:nowrap\"><a name=\"https---www.ehealth.fgov.be-standards-fhir-core-CodeSystem-cd-contact-person-brotherinlaw\"> </a>  <a href=\"CodeSystem-cd-contact-person.html#cd-contact-person-brotherinlaw\">brotherinlaw</a></td><td>https://www.ehealth.fgov.be/standards/fhir/core/CodeSystem/cd-contact-person</td><td>brotherinlaw</td><td/></tr><tr><td style=\"white-space:nowrap\"><a name=\"https---www.ehealth.fgov.be-standards-fhir-core-CodeSystem-cd-contact-person-tutor\"> </a>  <a href=\"CodeSystem-cd-contact-person.html#cd-contact-person-tutor\">tutor</a></td><td>https://www.ehealth.fgov.be/standards/fhir/core/CodeSystem/cd-contact-person</td><td>tutor</td><td/></tr><tr><td style=\"white-space:nowrap\"><a name=\"https---www.ehealth.fgov.be-standards-fhir-core-CodeSystem-cd-contact-person-notary\"> </a>  <a href=\"CodeSystem-cd-contact-person.html#cd-contact-person-notary\">notary</a></td><td>https://www.ehealth.fgov.be/standards/fhir/core/CodeSystem/cd-contact-person</td><td>notary</td><td/></tr><tr><td style=\"white-space:nowrap\"><a name=\"https---www.ehealth.fgov.be-standards-fhir-core-CodeSystem-cd-contact-person-lawyer\"> </a>  <a href=\"CodeSystem-cd-contact-person.html#cd-contact-person-lawyer\">lawyer</a></td><td>https://www.ehealth.fgov.be/standards/fhir/core/CodeSystem/cd-contact-person</td><td>lawyer</td><td/></tr><tr><td style=\"white-space:nowrap\"><a name=\"https---www.ehealth.fgov.be-standards-fhir-core-CodeSystem-cd-contact-person-employer\"> </a>  <a href=\"CodeSystem-cd-contact-person.html#cd-contact-person-employer\">employer</a></td><td>https://www.ehealth.fgov.be/standards/fhir/core/CodeSystem/cd-contact-person</td><td>employer</td><td/></tr><tr><td style=\"white-space:nowrap\"><a name=\"https---www.ehealth.fgov.be-standards-fhir-core-CodeSystem-cd-contact-person-grandparent\"> </a>  <a href=\"CodeSystem-cd-contact-person.html#cd-contact-person-grandparent\">grandparent</a></td><td>https://www.ehealth.fgov.be/standards/fhir/core/CodeSystem/cd-contact-person</td><td>grandparent</td><td/></tr><tr><td style=\"white-space:nowrap\"><a name=\"https---www.ehealth.fgov.be-standards-fhir-core-CodeSystem-cd-contact-person-son\"> </a>  <a href=\"CodeSystem-cd-contact-person.html#cd-contact-person-son\">son</a></td><td>https://www.ehealth.fgov.be/standards/fhir/core/CodeSystem/cd-contact-person</td><td>son</td><td/></tr><tr><td style=\"white-space:nowrap\"><a name=\"https---www.ehealth.fgov.be-standards-fhir-core-CodeSystem-cd-contact-person-daughter\"> </a>  <a href=\"CodeSystem-cd-contact-person.html#cd-contact-person-daughter\">daughter</a></td><td>https://www.ehealth.fgov.be/standards/fhir/core/CodeSystem/cd-contact-person</td><td>daughter</td><td/></tr><tr><td style=\"white-space:nowrap\"><a name=\"https---www.ehealth.fgov.be-standards-fhir-core-CodeSystem-cd-contact-person-grandchild\"> </a>  <a href=\"CodeSystem-cd-contact-person.html#cd-contact-person-grandchild\">grandchild</a></td><td>https://www.ehealth.fgov.be/standards/fhir/core/CodeSystem/cd-contact-person</td><td>grandchild</td><td/></tr><tr><td style=\"white-space:nowrap\"><a name=\"https---www.ehealth.fgov.be-standards-fhir-core-CodeSystem-cd-contact-person-neighbour\"> </a>  <a href=\"CodeSystem-cd-contact-person.html#cd-contact-person-neighbour\">neighbour</a></td><td>https://www.ehealth.fgov.be/standards/fhir/core/CodeSystem/cd-contact-person</td><td>neighbour</td><td/></tr><tr><td style=\"white-space:nowrap\"><a name=\"https---www.ehealth.fgov.be-standards-fhir-core-CodeSystem-cd-contact-person-stepson\"> </a>  <a href=\"CodeSystem-cd-contact-person.html#cd-contact-person-stepson\">stepson</a></td><td>https://www.ehealth.fgov.be/standards/fhir/core/CodeSystem/cd-contact-person</td><td>stepson</td><td/></tr><tr><td style=\"white-space:nowrap\"><a name=\"https---www.ehealth.fgov.be-standards-fhir-core-CodeSystem-cd-contact-person-stepdaughter\"> </a>  <a href=\"CodeSystem-cd-contact-person.html#cd-contact-person-stepdaughter\">stepdaughter</a></td><td>https://www.ehealth.fgov.be/standards/fhir/core/CodeSystem/cd-contact-person</td><td>stepdaughter</td><td/></tr><tr><td style=\"white-space:nowrap\"><a name=\"https---www.ehealth.fgov.be-standards-fhir-core-CodeSystem-cd-contact-person-stepfather\"> </a>  <a href=\"CodeSystem-cd-contact-person.html#cd-contact-person-stepfather\">stepfather</a></td><td>https://www.ehealth.fgov.be/standards/fhir/core/CodeSystem/cd-contact-person</td><td>stepfather</td><td/></tr><tr><td style=\"white-space:nowrap\"><a name=\"https---www.ehealth.fgov.be-standards-fhir-core-CodeSystem-cd-contact-person-stepmother\"> </a>  <a href=\"CodeSystem-cd-contact-person.html#cd-contact-person-stepmother\">stepmother</a></td><td>https://www.ehealth.fgov.be/standards/fhir/core/CodeSystem/cd-contact-person</td><td>stepmother</td><td/></tr><tr><td style=\"white-space:nowrap\"><a name=\"https---www.ehealth.fgov.be-standards-fhir-core-CodeSystem-cd-contact-person-sisterinlaw\"> </a>  <a href=\"CodeSystem-cd-contact-person.html#cd-contact-person-sisterinlaw\">sisterinlaw</a></td><td>https://www.ehealth.fgov.be/standards/fhir/core/CodeSystem/cd-contact-person</td><td>sisterinlaw</td><td/></tr></table></div>"
      },
      "url" : "https://www.ehealth.fgov.be/standards/fhir/core/ValueSet/be-contactperson",
      "version" : "2.0.1",
      "name" : "BeContactPerson",
      "status" : "active",
      "date" : "2022-09-30T20:22:22+00:00",
      "publisher" : "eHealth Platform",
      "contact" : [{
        "name" : "eHealth Platform",
        "telecom" : [{
          "system" : "url",
          "value" : "https://www.ehealth.fgov.be"
        },
        {
          "system" : "email",
          "value" : "message-structure@www.ehealth.fgov.be"
        }]
      },
      {
        "name" : "Message-Structure",
        "telecom" : [{
          "system" : "email",
          "value" : "message-structure@www.ehealth.fgov.be",
          "use" : "work"
        }]
      }],
      "description" : "Maximum valuest to define category of a contact person, using the HL7 values and the Belgian CD-CONTACT-PERSON values.",
      "jurisdiction" : [{
        "coding" : [{
          "system" : "urn:iso:std:iso:3166",
          "code" : "BE",
          "display" : "Belgium"
        }]
      }],
      "expansion" : {
        "identifier" : "urn:uuid:c9a7e562-b12a-4c59-a972-b2f5c4d78971",
        "timestamp" : "2022-09-30T20:22:51+00:00",
        "total" : 34,
        "parameter" : [{
          "name" : "excludeNested",
          "valueBoolean" : false
        },
        {
          "name" : "version",
          "valueUri" : "http://terminology.hl7.org/CodeSystem/v2-0131|2.1.0"
        },
        {
          "name" : "version",
          "valueUri" : "https://www.ehealth.fgov.be/standards/fhir/core/CodeSystem/cd-contact-person|2.0.1"
        }],
        "contains" : [{
          "system" : "http://terminology.hl7.org/CodeSystem/v2-0131",
          "code" : "BP",
          "display" : "Billing contact person"
        },
        {
          "system" : "http://terminology.hl7.org/CodeSystem/v2-0131",
          "code" : "CP",
          "display" : "Contact person"
        },
        {
          "system" : "http://terminology.hl7.org/CodeSystem/v2-0131",
          "code" : "EP",
          "display" : "Emergency contact person"
        },
        {
          "system" : "http://terminology.hl7.org/CodeSystem/v2-0131",
          "code" : "PR",
          "display" : "Person preparing referral"
        },
        {
          "system" : "http://terminology.hl7.org/CodeSystem/v2-0131",
          "code" : "E",
          "display" : "Employer"
        },
        {
          "system" : "http://terminology.hl7.org/CodeSystem/v2-0131",
          "code" : "C",
          "display" : "Emergency Contact"
        },
        {
          "system" : "http://terminology.hl7.org/CodeSystem/v2-0131",
          "code" : "F",
          "display" : "Federal Agency"
        },
        {
          "system" : "http://terminology.hl7.org/CodeSystem/v2-0131",
          "code" : "I",
          "display" : "Insurance Company"
        },
        {
          "system" : "http://terminology.hl7.org/CodeSystem/v2-0131",
          "code" : "N",
          "display" : "Next-of-Kin"
        },
        {
          "system" : "http://terminology.hl7.org/CodeSystem/v2-0131",
          "code" : "S",
          "display" : "State Agency"
        },
        {
          "system" : "http://terminology.hl7.org/CodeSystem/v2-0131",
          "code" : "U",
          "display" : "Unknown"
        },
        {
          "system" : "https://www.ehealth.fgov.be/standards/fhir/core/CodeSystem/cd-contact-person",
          "code" : "father",
          "display" : "father"
        },
        {
          "system" : "https://www.ehealth.fgov.be/standards/fhir/core/CodeSystem/cd-contact-person",
          "code" : "mother",
          "display" : "mother"
        },
        {
          "system" : "https://www.ehealth.fgov.be/standards/fhir/core/CodeSystem/cd-contact-person",
          "code" : "child",
          "display" : "child"
        },
        {
          "system" : "https://www.ehealth.fgov.be/standards/fhir/core/CodeSystem/cd-contact-person",
          "code" : "spouse",
          "display" : "spouse"
        },
        {
          "system" : "https://www.ehealth.fgov.be/standards/fhir/core/CodeSystem/cd-contact-person",
          "code" : "husband",
          "display" : "husband"
        },
        {
          "system" : "https://www.ehealth.fgov.be/standards/fhir/core/CodeSystem/cd-contact-person",
          "code" : "partner",
          "display" : "partner"
        },
        {
          "system" : "https://www.ehealth.fgov.be/standards/fhir/core/CodeSystem/cd-contact-person",
          "code" : "brother",
          "display" : "brother"
        },
        {
          "system" : "https://www.ehealth.fgov.be/standards/fhir/core/CodeSystem/cd-contact-person",
          "code" : "sister",
          "display" : "sister"
        },
        {
          "system" : "https://www.ehealth.fgov.be/standards/fhir/core/CodeSystem/cd-contact-person",
          "code" : "brotherinlaw",
          "display" : "brotherinlaw"
        },
        {
          "system" : "https://www.ehealth.fgov.be/standards/fhir/core/CodeSystem/cd-contact-person",
          "code" : "tutor",
          "display" : "tutor"
        },
        {
          "system" : "https://www.ehealth.fgov.be/standards/fhir/core/CodeSystem/cd-contact-person",
          "code" : "notary",
          "display" : "notary"
        },
        {
          "system" : "https://www.ehealth.fgov.be/standards/fhir/core/CodeSystem/cd-contact-person",
          "code" : "lawyer",
          "display" : "lawyer"
        },
        {
          "system" : "https://www.ehealth.fgov.be/standards/fhir/core/CodeSystem/cd-contact-person",
          "code" : "employer",
          "display" : "employer"
        },
        {
          "system" : "https://www.ehealth.fgov.be/standards/fhir/core/CodeSystem/cd-contact-person",
          "code" : "grandparent",
          "display" : "grandparent"
        },
        {
          "system" : "https://www.ehealth.fgov.be/standards/fhir/core/CodeSystem/cd-contact-person",
          "code" : "son",
          "display" : "son"
        },
        {
          "system" : "https://www.ehealth.fgov.be/standards/fhir/core/CodeSystem/cd-contact-person",
          "code" : "daughter",
          "display" : "daughter"
        },
        {
          "system" : "https://www.ehealth.fgov.be/standards/fhir/core/CodeSystem/cd-contact-person",
          "code" : "grandchild",
          "display" : "grandchild"
        },
        {
          "system" : "https://www.ehealth.fgov.be/standards/fhir/core/CodeSystem/cd-contact-person",
          "code" : "neighbour",
          "display" : "neighbour"
        },
        {
          "system" : "https://www.ehealth.fgov.be/standards/fhir/core/CodeSystem/cd-contact-person",
          "code" : "stepson",
          "display" : "stepson"
        },
        {
          "system" : "https://www.ehealth.fgov.be/standards/fhir/core/CodeSystem/cd-contact-person",
          "code" : "stepdaughter",
          "display" : "stepdaughter"
        },
        {
          "system" : "https://www.ehealth.fgov.be/standards/fhir/core/CodeSystem/cd-contact-person",
          "code" : "stepfather",
          "display" : "stepfather"
        },
        {
          "system" : "https://www.ehealth.fgov.be/standards/fhir/core/CodeSystem/cd-contact-person",
          "code" : "stepmother",
          "display" : "stepmother"
        },
        {
          "system" : "https://www.ehealth.fgov.be/standards/fhir/core/CodeSystem/cd-contact-person",
          "code" : "sisterinlaw",
          "display" : "sisterinlaw"
        }]
      }
    }
  },
  {
    "fullUrl" : "https://www.ehealth.fgov.be/standards/fhir/core/ValueSet/be-vs-patient-relationship-type",
    "resource" : {
      "resourceType" : "ValueSet",
      "id" : "be-vs-patient-relationship-type",
      "text" : {
        "status" : "generated",
        "div" : "<div xmlns=\"http://www.w3.org/1999/xhtml\"><p>This value set contains 25 concepts</p><p style=\"border: black 1px dotted; background-color: #EEEEEE; padding: 8px; margin-bottom: 8px\">Expansion based on SNOMED CT International edition 31-Jul 2022</p><table class=\"codes\"><tr><td style=\"white-space:nowrap\"><b>Code</b></td><td><b>System</b></td><td><b>Display</b></td></tr><tr><td style=\"white-space:nowrap\"><a name=\"http---snomed.info-sct-444191003\"> </a>  <a href=\"http://snomed.info/id/444191003\">444191003</a></td><td>http://snomed.info/sct</td><td>Aunt of subject (person)</td></tr><tr><td style=\"white-space:nowrap\"><a name=\"http---snomed.info-sct-444304005\"> </a>  <a href=\"http://snomed.info/id/444304005\">444304005</a></td><td>http://snomed.info/sct</td><td>Sister of subject (person)</td></tr><tr><td style=\"white-space:nowrap\"><a name=\"http---snomed.info-sct-444295003\"> </a>  <a href=\"http://snomed.info/id/444295003\">444295003</a></td><td>http://snomed.info/sct</td><td>Father of subject (person)</td></tr><tr><td style=\"white-space:nowrap\"><a name=\"http---snomed.info-sct-444148008\"> </a>  <a href=\"http://snomed.info/id/444148008\">444148008</a></td><td>http://snomed.info/sct</td><td>Person in family of subject (person)</td></tr><tr><td style=\"white-space:nowrap\"><a name=\"http---snomed.info-sct-444055008\"> </a>  <a href=\"http://snomed.info/id/444055008\">444055008</a></td><td>http://snomed.info/sct</td><td>Uncle of subject (person)</td></tr><tr><td style=\"white-space:nowrap\"><a name=\"http---snomed.info-sct-444294004\"> </a>  <a href=\"http://snomed.info/id/444294004\">444294004</a></td><td>http://snomed.info/sct</td><td>Parent of subject (person)</td></tr><tr><td style=\"white-space:nowrap\"><a name=\"http---snomed.info-sct-767308003\"> </a>  <a href=\"http://snomed.info/id/767308003\">767308003</a></td><td>http://snomed.info/sct</td><td>Second degree female blood relative of subject</td></tr><tr><td style=\"white-space:nowrap\"><a name=\"http---snomed.info-sct-444193000\"> </a>  <a href=\"http://snomed.info/id/444193000\">444193000</a></td><td>http://snomed.info/sct</td><td>First degree blood relative of subject (person)</td></tr><tr><td style=\"white-space:nowrap\"><a name=\"http---snomed.info-sct-444301002\"> </a>  <a href=\"http://snomed.info/id/444301002\">444301002</a></td><td>http://snomed.info/sct</td><td>Mother of subject (person)</td></tr><tr><td style=\"white-space:nowrap\"><a name=\"http---snomed.info-sct-444053001\"> </a>  <a href=\"http://snomed.info/id/444053001\">444053001</a></td><td>http://snomed.info/sct</td><td>Husband of subject (person)</td></tr><tr><td style=\"white-space:nowrap\"><a name=\"http---snomed.info-sct-444241008\"> </a>  <a href=\"http://snomed.info/id/444241008\">444241008</a></td><td>http://snomed.info/sct</td><td>Son of subject (person)</td></tr><tr><td style=\"white-space:nowrap\"><a name=\"http---snomed.info-sct-444303004\"> </a>  <a href=\"http://snomed.info/id/444303004\">444303004</a></td><td>http://snomed.info/sct</td><td>Brother of subject (person)</td></tr><tr><td style=\"white-space:nowrap\"><a name=\"http---snomed.info-sct-444302009\"> </a>  <a href=\"http://snomed.info/id/444302009\">444302009</a></td><td>http://snomed.info/sct</td><td>Sibling of subject (person)</td></tr><tr><td style=\"white-space:nowrap\"><a name=\"http---snomed.info-sct-444194006\"> </a>  <a href=\"http://snomed.info/id/444194006\">444194006</a></td><td>http://snomed.info/sct</td><td>Daughter of subject (person)</td></tr><tr><td style=\"white-space:nowrap\"><a name=\"http---snomed.info-sct-444243006\"> </a>  <a href=\"http://snomed.info/id/444243006\">444243006</a></td><td>http://snomed.info/sct</td><td>Maternal grandfather of subject (person)</td></tr><tr><td style=\"white-space:nowrap\"><a name=\"http---snomed.info-sct-444242001\"> </a>  <a href=\"http://snomed.info/id/444242001\">444242001</a></td><td>http://snomed.info/sct</td><td>Grandparent of subject (person)</td></tr><tr><td style=\"white-space:nowrap\"><a name=\"http---snomed.info-sct-444293005\"> </a>  <a href=\"http://snomed.info/id/444293005\">444293005</a></td><td>http://snomed.info/sct</td><td>Paternal grandmother of subject (person)</td></tr><tr><td style=\"white-space:nowrap\"><a name=\"http---snomed.info-sct-444244000\"> </a>  <a href=\"http://snomed.info/id/444244000\">444244000</a></td><td>http://snomed.info/sct</td><td>Maternal grandmother of subject (person)</td></tr><tr><td style=\"white-space:nowrap\"><a name=\"http---snomed.info-sct-444292000\"> </a>  <a href=\"http://snomed.info/id/444292000\">444292000</a></td><td>http://snomed.info/sct</td><td>Paternal grandfather of subject (person)</td></tr><tr><td style=\"white-space:nowrap\"><a name=\"http---snomed.info-sct-444054007\"> </a>  <a href=\"http://snomed.info/id/444054007\">444054007</a></td><td>http://snomed.info/sct</td><td>Wife of subject (person)</td></tr><tr><td style=\"white-space:nowrap\"><a name=\"http---snomed.info-sct-444192005\"> </a>  <a href=\"http://snomed.info/id/444192005\">444192005</a></td><td>http://snomed.info/sct</td><td>Child of subject (person)</td></tr><tr><td style=\"white-space:nowrap\"><a name=\"http---snomed.info-sct-739683002\"> </a>  <a href=\"http://snomed.info/id/739683002\">739683002</a></td><td>http://snomed.info/sct</td><td>Infant of subject (person)</td></tr><tr><td style=\"white-space:nowrap\"><a name=\"http---snomed.info-sct-699111006\"> </a>  <a href=\"http://snomed.info/id/699111006\">699111006</a></td><td>http://snomed.info/sct</td><td>Second degree blood relative of subject (person)</td></tr><tr><td style=\"white-space:nowrap\"><a name=\"http---snomed.info-sct-444052006\"> </a>  <a href=\"http://snomed.info/id/444052006\">444052006</a></td><td>http://snomed.info/sct</td><td>Spouse of subject (person)</td></tr><tr><td style=\"white-space:nowrap\"><a name=\"http---snomed.info-sct-410604004\"> </a>  <a href=\"http://snomed.info/id/410604004\">410604004</a></td><td>http://snomed.info/sct</td><td>Subject of record (person)</td></tr></table></div>"
      },
      "url" : "https://www.ehealth.fgov.be/standards/fhir/core/ValueSet/be-vs-patient-relationship-type",
      "version" : "2.0.1",
      "name" : "BeVSPatientRelationshipType",
      "title" : "Patient Relationship Type Value Set",
      "status" : "active",
      "date" : "2021-01-10T10:59:49+00:00",
      "publisher" : "eHealth Platform",
      "contact" : [{
        "name" : "eHealth Platform",
        "telecom" : [{
          "system" : "url",
          "value" : "https://www.ehealth.fgov.be"
        },
        {
          "system" : "email",
          "value" : "message-structure@www.ehealth.fgov.be"
        }]
      },
      {
        "name" : "Message-Structure",
        "telecom" : [{
          "system" : "email",
          "value" : "message-structure@www.ehealth.fgov.be",
          "use" : "work"
        }]
      }],
      "description" : "Describes the patient relationship type (the relation between the patient and the person implied)",
      "jurisdiction" : [{
        "coding" : [{
          "system" : "urn:iso:std:iso:3166",
          "code" : "BE",
          "display" : "Belgium"
        }]
      }],
      "expansion" : {
        "identifier" : "urn:uuid:eb97301f-cef6-4921-9636-cc4bb0e67198",
        "timestamp" : "2022-09-30T20:22:51+00:00",
        "total" : 25,
        "parameter" : [{
          "name" : "excludeNested",
          "valueBoolean" : false
        },
        {
          "name" : "limitedExpansion",
          "valueBoolean" : true
        },
        {
          "name" : "version",
          "valueUri" : "http://snomed.info/sct|http://snomed.info/sct/900000000000207008/version/20220731"
        }],
        "contains" : [{
          "system" : "http://snomed.info/sct",
          "code" : "444191003",
          "display" : "Aunt of subject (person)"
        },
        {
          "system" : "http://snomed.info/sct",
          "code" : "444304005",
          "display" : "Sister of subject (person)"
        },
        {
          "system" : "http://snomed.info/sct",
          "code" : "444295003",
          "display" : "Father of subject (person)"
        },
        {
          "system" : "http://snomed.info/sct",
          "code" : "444148008",
          "display" : "Person in family of subject (person)"
        },
        {
          "system" : "http://snomed.info/sct",
          "code" : "444055008",
          "display" : "Uncle of subject (person)"
        },
        {
          "system" : "http://snomed.info/sct",
          "code" : "444294004",
          "display" : "Parent of subject (person)"
        },
        {
          "system" : "http://snomed.info/sct",
          "code" : "767308003",
          "display" : "Second degree female blood relative of subject"
        },
        {
          "system" : "http://snomed.info/sct",
          "code" : "444193000",
          "display" : "First degree blood relative of subject (person)"
        },
        {
          "system" : "http://snomed.info/sct",
          "code" : "444301002",
          "display" : "Mother of subject (person)"
        },
        {
          "system" : "http://snomed.info/sct",
          "code" : "444053001",
          "display" : "Husband of subject (person)"
        },
        {
          "system" : "http://snomed.info/sct",
          "code" : "444241008",
          "display" : "Son of subject (person)"
        },
        {
          "system" : "http://snomed.info/sct",
          "code" : "444303004",
          "display" : "Brother of subject (person)"
        },
        {
          "system" : "http://snomed.info/sct",
          "code" : "444302009",
          "display" : "Sibling of subject (person)"
        },
        {
          "system" : "http://snomed.info/sct",
          "code" : "444194006",
          "display" : "Daughter of subject (person)"
        },
        {
          "system" : "http://snomed.info/sct",
          "code" : "444243006",
          "display" : "Maternal grandfather of subject (person)"
        },
        {
          "system" : "http://snomed.info/sct",
          "code" : "444242001",
          "display" : "Grandparent of subject (person)"
        },
        {
          "system" : "http://snomed.info/sct",
          "code" : "444293005",
          "display" : "Paternal grandmother of subject (person)"
        },
        {
          "system" : "http://snomed.info/sct",
          "code" : "444244000",
          "display" : "Maternal grandmother of subject (person)"
        },
        {
          "system" : "http://snomed.info/sct",
          "code" : "444292000",
          "display" : "Paternal grandfather of subject (person)"
        },
        {
          "system" : "http://snomed.info/sct",
          "code" : "444054007",
          "display" : "Wife of subject (person)"
        },
        {
          "system" : "http://snomed.info/sct",
          "code" : "444192005",
          "display" : "Child of subject (person)"
        },
        {
          "system" : "http://snomed.info/sct",
          "code" : "739683002",
          "display" : "Infant of subject (person)"
        },
        {
          "system" : "http://snomed.info/sct",
          "code" : "699111006",
          "display" : "Second degree blood relative of subject (person)"
        },
        {
          "system" : "http://snomed.info/sct",
          "code" : "444052006",
          "display" : "Spouse of subject (person)"
        },
        {
          "system" : "http://snomed.info/sct",
          "code" : "410604004",
          "display" : "Subject of record (person)"
        }]
      }
    }
  }]
}