{"resourceType":"ImplementationGuide","id":"r5demo","url":"https://medigree.github.io/r5demo/ImplementationGuide/r5demo","version":"1.0.0","name":"ExampleIG","title":"HL7 FHIR R5 Implementation Guide","status":"active","date":"2020-02-26","publisher":"My Organization","contact":[{"name":"My Organization","telecom":[{"system":"url","value":"http://example.com/committees"},{"system":"email","value":"my-group@example.com"}]},{"name":"Bob Smith","telecom":[{"system":"email","value":"bobsmith@example.com","use":"work"}]}],"description":"Example IG for R5 content.","jurisdiction":[{"coding":[{"system":"http://unstats.un.org/unsd/methods/m49/m49.htm","code":"001","display":"World"}]}],"packageId":"r5demo","license":"CC0-1.0","fhirVersion":["5.0.0-ballot"],"definition":{"resource":[{"reference":{"reference":"StructureDefinition/FoodAllergy"},"name":"Food Allergy","description":"Food Allergy profile","exampleBoolean":false},{"reference":{"reference":"StructureDefinition/FoodAllergyModel"},"name":"Food Allergy Logical Model","description":"Food Allergy information model","exampleBoolean":false},{"reference":{"reference":"ValueSet/FoodAllergyVS"},"name":"Food Allergies","description":"Main Food allergies.","exampleBoolean":false},{"reference":{"reference":"ActorDefinition/Actor1"},"name":"Actor1","exampleBoolean":true},{"reference":{"reference":"AllergyIntolerance/MyPeanutAllergy"},"name":"PeanutAllergy","exampleCanonical":"https://medigree.github.io/r5demo/StructureDefinition/FoodAllergy"},{"reference":{"reference":"Requirements/Requirements1"},"name":"Requirements1","exampleBoolean":true}],"page":{"extension":[{"url":"http://hl7.org/fhir/tools/StructureDefinition/ig-page-name","valueUrl":"toc.html"}],"nameUrl":"toc.html","title":"Table of Contents","generation":"html","page":[{"extension":[{"url":"http://hl7.org/fhir/tools/StructureDefinition/ig-page-name","valueUrl":"index.html"}],"nameUrl":"index.html","title":"Home","generation":"html"},{"extension":[{"url":"http://hl7.org/fhir/tools/StructureDefinition/ig-page-name","valueUrl":"changes.html"}],"nameUrl":"changes.html","title":"Changes","generation":"html"}]},"parameter":[{"code":"copyrightyear","value":"2021+"},{"code":"releaselabel","value":"STU1"}]}}