{
  "resourceType" : "CodeSystem",
  "id" : "1c975964-25a0-4c3e-a96f-80ad1a2ba6a9-3",
  "url" : "http://hl7.org/fhir/comparison/CodeSystem/1c975964-25a0-4c3e-a96f-80ad1a2ba6a9-3",
  "name" : "IntersectionAuthZsubTypeAndAuthZsubType",
  "title" : "Intersection of Authorization subType events And Authorization subType events",
  "status" : "active",
  "date" : "2022-10-21T09:00:01-05:00",
  "jurisdiction" : [{
    "coding" : [{
      "system" : "http://unstats.un.org/unsd/methods/m49/m49.htm",
      "code" : "001"
    }]
  }],
  "concept" : [{
    "code" : "AuthZ-Consent",
    "display" : "Authorization Decision using Roles and Consent"
  },
  {
    "code" : "AuthZ-Role",
    "display" : "Authorization Decision using only Roles"
  }]
}