{
  "resourceType" : "CodeSystem",
  "id" : "1c975964-25a0-4c3e-a96f-80ad1a2ba6a9-8",
  "url" : "http://hl7.org/fhir/comparison/CodeSystem/1c975964-25a0-4c3e-a96f-80ad1a2ba6a9-8",
  "name" : "UnionOtherIdentifierTypesAndOtherIdentifierTypes",
  "title" : "Union of OtherId Identifier Types And OtherId Identifier Types",
  "status" : "active",
  "date" : "2022-10-21T09:00:01-05:00",
  "jurisdiction" : [{
    "coding" : [{
      "system" : "http://unstats.un.org/unsd/methods/m49/m49.htm",
      "code" : "001"
    }]
  }],
  "concept" : [{
    "code" : "SAML-subject-id",
    "display" : "SAML subject-id"
  }]
}