{
  "resourceType" : "ValueSet",
  "id" : "1c975964-25a0-4c3e-a96f-80ad1a2ba6a9-78",
  "url" : "http://hl7.org/fhir/comparison/ValueSet/1c975964-25a0-4c3e-a96f-80ad1a2ba6a9-78",
  "name" : "IntersectionAuthZsubTypeVSAndAuthZsubTypeVS",
  "title" : "Intersection of Authorization subType events valueset And Authorization subType events valueset",
  "status" : "active",
  "date" : "2022-10-21T09:00:03-05:00",
  "jurisdiction" : [{
    "coding" : [{
      "system" : "http://unstats.un.org/unsd/methods/m49/m49.htm",
      "code" : "001"
    }]
  }],
  "expansion" : {
    "contains" : [{
      "system" : "https://profiles.ihe.net/ITI/BALP/CodeSystem/AuthZsubType",
      "code" : "AuthZ-Consent",
      "display" : "Authorization Decision using Roles and Consent"
    },
    {
      "system" : "https://profiles.ihe.net/ITI/BALP/CodeSystem/AuthZsubType",
      "code" : "AuthZ-Role",
      "display" : "Authorization Decision using only Roles"
    }]
  }
}