<?xml version="1.0" encoding="UTF-8"?><Bundle xmlns="http://hl7.org/fhir"><type value="collection"/><entry><resource><OperationOutcome><issue><extension url="http://hl7.org/fhir/StructureDefinition/operationoutcome-issue-source"><valueCode value="Publisher"/></extension><severity value="warning"/><code value="structure"/><details><text value="The canonical URL for an Implementation Guide must point directly to the implementation guide resource, not to the Implementation Guide as a whole"/></details><expression value="ImplementationGuide.url"/></issue></OperationOutcome></resource></entry><entry><resource><OperationOutcome><extension url="http://hl7.org/fhir/StructureDefinition/operationoutcome-file"><valueString value="/tmp/hl7.fhir.be.core#2.0.1/fsh-generated/resources/CodeSystem-be-cs-care-location"/></extension><issue><extension url="http://hl7.org/fhir/StructureDefinition/operationoutcome-issue-source"><valueCode value="InstanceValidator"/></extension><severity value="information"/><code value="business-rule"/><details><text value="CodeSystems SHOULD have a stated value for the caseSensitive element so that users know the status and meaning of the code system clearly"/></details><expression value="CodeSystem/be-cs-care-location: CodeSystem"/></issue><issue><extension url="http://hl7.org/fhir/StructureDefinition/operationoutcome-issue-source"><valueCode value="InstanceValidator"/></extension><extension url="http://hl7.org/fhir/StructureDefinition/operationoutcome-message-id"><valueCode value="CODESYSTEM_SHAREABLE_MISSING"/></extension><severity value="warning"/><code value="required"/><details><text value="The ShareableCodeSystem profile says that the experimental element is mandatory, but it is not present. Published value sets SHOULD conform to the ShareableCodeSystem profile"/></details><expression value="CodeSystem/be-cs-care-location: CodeSystem"/></issue><issue><extension url="http://hl7.org/fhir/StructureDefinition/operationoutcome-issue-source"><valueCode value="InstanceValidator"/></extension><extension url="http://hl7.org/fhir/StructureDefinition/operationoutcome-message-id"><valueCode value="CODESYSTEM_SHAREABLE_MISSING"/></extension><severity value="warning"/><code value="required"/><details><text value="The ShareableCodeSystem profile says that the caseSensitive element is mandatory, but it is not present. Published value sets SHOULD conform to the ShareableCodeSystem profile"/></details><expression value="CodeSystem/be-cs-care-location: CodeSystem"/></issue></OperationOutcome></resource></entry><entry><resource><OperationOutcome><extension url="http://hl7.org/fhir/StructureDefinition/operationoutcome-file"><valueString value="/tmp/hl7.fhir.be.core#2.0.1/fsh-generated/resources/CodeSystem-cd-civilstate"/></extension></OperationOutcome></resource></entry><entry><resource><OperationOutcome><extension url="http://hl7.org/fhir/StructureDefinition/operationoutcome-file"><valueString value="/tmp/hl7.fhir.be.core#2.0.1/fsh-generated/resources/CodeSystem-cd-contact-person"/></extension></OperationOutcome></resource></entry><entry><resource><OperationOutcome><extension url="http://hl7.org/fhir/StructureDefinition/operationoutcome-file"><valueString value="/tmp/hl7.fhir.be.core#2.0.1/fsh-generated/resources/CodeSystem-cd-fed-country"/></extension><issue><extension url="http://hl7.org/fhir/StructureDefinition/operationoutcome-issue-source"><valueCode value="InstanceValidator"/></extension><severity value="information"/><code value="business-rule"/><details><text value="CodeSystems SHOULD have a stated value for the caseSensitive element so that users know the status and meaning of the code system clearly"/></details><expression value="CodeSystem/cd-fed-country: CodeSystem"/></issue><issue><extension url="http://hl7.org/fhir/StructureDefinition/operationoutcome-issue-source"><valueCode value="InstanceValidator"/></extension><extension url="http://hl7.org/fhir/StructureDefinition/operationoutcome-message-id"><valueCode value="CODESYSTEM_SHAREABLE_MISSING"/></extension><severity value="warning"/><code value="required"/><details><text value="The ShareableCodeSystem profile says that the experimental element is mandatory, but it is not present. Published value sets SHOULD conform to the ShareableCodeSystem profile"/></details><expression value="CodeSystem/cd-fed-country: CodeSystem"/></issue><issue><extension url="http://hl7.org/fhir/StructureDefinition/operationoutcome-issue-source"><valueCode value="InstanceValidator"/></extension><extension url="http://hl7.org/fhir/StructureDefinition/operationoutcome-message-id"><valueCode value="CODESYSTEM_SHAREABLE_MISSING"/></extension><severity value="warning"/><code value="required"/><details><text value="The ShareableCodeSystem profile says that the caseSensitive element is mandatory, but it is not present. Published value sets SHOULD conform to the ShareableCodeSystem profile"/></details><expression value="CodeSystem/cd-fed-country: CodeSystem"/></issue></OperationOutcome></resource></entry><entry><resource><OperationOutcome><extension url="http://hl7.org/fhir/StructureDefinition/operationoutcome-file"><valueString value="/tmp/hl7.fhir.be.core#2.0.1/fsh-generated/resources/CodeSystem-cd-hcparty"/></extension><issue><extension url="http://hl7.org/fhir/StructureDefinition/operationoutcome-issue-source"><valueCode value="InstanceValidator"/></extension><severity value="information"/><code value="business-rule"/><details><text value="CodeSystems SHOULD have a stated value for the caseSensitive element so that users know the status and meaning of the code system clearly"/></details><expression value="CodeSystem/cd-hcparty: CodeSystem"/></issue><issue><extension url="http://hl7.org/fhir/StructureDefinition/operationoutcome-issue-source"><valueCode value="InstanceValidator"/></extension><extension url="http://hl7.org/fhir/StructureDefinition/operationoutcome-message-id"><valueCode value="CODESYSTEM_SHAREABLE_MISSING"/></extension><severity value="warning"/><code value="required"/><details><text value="The ShareableCodeSystem profile says that the experimental element is mandatory, but it is not present. Published value sets SHOULD conform to the ShareableCodeSystem profile"/></details><expression value="CodeSystem/cd-hcparty: CodeSystem"/></issue><issue><extension url="http://hl7.org/fhir/StructureDefinition/operationoutcome-issue-source"><valueCode value="InstanceValidator"/></extension><extension url="http://hl7.org/fhir/StructureDefinition/operationoutcome-message-id"><valueCode value="CODESYSTEM_SHAREABLE_MISSING"/></extension><severity value="warning"/><code value="required"/><details><text value="The ShareableCodeSystem profile says that the caseSensitive element is mandatory, but it is not present. Published value sets SHOULD conform to the ShareableCodeSystem profile"/></details><expression value="CodeSystem/cd-hcparty: CodeSystem"/></issue></OperationOutcome></resource></entry><entry><resource><OperationOutcome><extension url="http://hl7.org/fhir/StructureDefinition/operationoutcome-file"><valueString value="/tmp/hl7.fhir.be.core#2.0.1/fsh-generated/resources/ImplementationGuide-hl7.fhir.be.core"/></extension><issue><extension url="http://hl7.org/fhir/StructureDefinition/operationoutcome-issue-source"><valueCode value="InstanceValidator"/></extension><extension url="http://hl7.org/fhir/StructureDefinition/operationoutcome-message-id"><valueCode value="Rule ig-0: 'Name should be usable as an identifier for the module by machine processing applications such as code generation' Failed"/></extension><severity value="warning"/><code value="invariant"/><details><text value="Rule ig-0: 'Name should be usable as an identifier for the module by machine processing applications such as code generation' Failed"/></details><expression value="ImplementationGuide/hl7.fhir.be.core: ImplementationGuide"/></issue></OperationOutcome></resource></entry><entry><resource><OperationOutcome><extension url="http://hl7.org/fhir/StructureDefinition/operationoutcome-file"><valueString value="/tmp/hl7.fhir.be.core#2.0.1/fsh-generated/resources/NamingSystem-be-cbe"/></extension></OperationOutcome></resource></entry><entry><resource><OperationOutcome><extension url="http://hl7.org/fhir/StructureDefinition/operationoutcome-file"><valueString value="/tmp/hl7.fhir.be.core#2.0.1/fsh-generated/resources/NamingSystem-be-ehp"/></extension></OperationOutcome></resource></entry><entry><resource><OperationOutcome><extension url="http://hl7.org/fhir/StructureDefinition/operationoutcome-file"><valueString value="/tmp/hl7.fhir.be.core#2.0.1/fsh-generated/resources/NamingSystem-be-insurancenumber"/></extension></OperationOutcome></resource></entry><entry><resource><OperationOutcome><extension url="http://hl7.org/fhir/StructureDefinition/operationoutcome-file"><valueString value="/tmp/hl7.fhir.be.core#2.0.1/fsh-generated/resources/NamingSystem-be-insurancymembership"/></extension></OperationOutcome></resource></entry><entry><resource><OperationOutcome><extension url="http://hl7.org/fhir/StructureDefinition/operationoutcome-file"><valueString value="/tmp/hl7.fhir.be.core#2.0.1/fsh-generated/resources/NamingSystem-be-nihdi"/></extension></OperationOutcome></resource></entry><entry><resource><OperationOutcome><extension url="http://hl7.org/fhir/StructureDefinition/operationoutcome-file"><valueString value="/tmp/hl7.fhir.be.core#2.0.1/fsh-generated/resources/NamingSystem-be-ns-nihdi-organization"/></extension></OperationOutcome></resource></entry><entry><resource><OperationOutcome><extension url="http://hl7.org/fhir/StructureDefinition/operationoutcome-file"><valueString value="/tmp/hl7.fhir.be.core#2.0.1/fsh-generated/resources/NamingSystem-be-ns-nihdi-professional"/></extension></OperationOutcome></resource></entry><entry><resource><OperationOutcome><extension url="http://hl7.org/fhir/StructureDefinition/operationoutcome-file"><valueString value="/tmp/hl7.fhir.be.core#2.0.1/fsh-generated/resources/NamingSystem-be-ssin"/></extension></OperationOutcome></resource></entry><entry><resource><OperationOutcome><extension url="http://hl7.org/fhir/StructureDefinition/operationoutcome-file"><valueString value="/tmp/hl7.fhir.be.core#2.0.1/fsh-generated/resources/Organization-organization1"/></extension></OperationOutcome></resource></entry><entry><resource><OperationOutcome><extension url="http://hl7.org/fhir/StructureDefinition/operationoutcome-file"><valueString value="/tmp/hl7.fhir.be.core#2.0.1/fsh-generated/resources/Patient-patient1"/></extension><issue><extension url="http://hl7.org/fhir/StructureDefinition/operationoutcome-issue-line"><valueInteger value="58"/></extension><extension url="http://hl7.org/fhir/StructureDefinition/operationoutcome-issue-col"><valueInteger value="6"/></extension><extension url="http://hl7.org/fhir/StructureDefinition/operationoutcome-issue-source"><valueCode value="InstanceValidator"/></extension><severity value="information"/><code value="informational"/><details><text value="This element does not match any known slice defined in the profile https://www.ehealth.fgov.be/standards/fhir/core/StructureDefinition/be-patient"/></details><expression value="Patient/patient1: Patient.identifier[1]"/></issue></OperationOutcome></resource></entry><entry><resource><OperationOutcome><extension url="http://hl7.org/fhir/StructureDefinition/operationoutcome-file"><valueString value="/tmp/hl7.fhir.be.core#2.0.1/fsh-generated/resources/Patient-patient2"/></extension><issue><extension url="http://hl7.org/fhir/StructureDefinition/operationoutcome-issue-line"><valueInteger value="58"/></extension><extension url="http://hl7.org/fhir/StructureDefinition/operationoutcome-issue-col"><valueInteger value="6"/></extension><extension url="http://hl7.org/fhir/StructureDefinition/operationoutcome-issue-source"><valueCode value="InstanceValidator"/></extension><severity value="information"/><code value="informational"/><details><text value="This element does not match any known slice defined in the profile https://www.ehealth.fgov.be/standards/fhir/core/StructureDefinition/be-patient"/></details><expression value="Patient/patient2: Patient.identifier[1]"/></issue></OperationOutcome></resource></entry><entry><resource><OperationOutcome><extension url="http://hl7.org/fhir/StructureDefinition/operationoutcome-file"><valueString value="/tmp/hl7.fhir.be.core#2.0.1/fsh-generated/resources/Practitioner-practitioner1"/></extension></OperationOutcome></resource></entry><entry><resource><OperationOutcome><extension url="http://hl7.org/fhir/StructureDefinition/operationoutcome-file"><valueString value="/tmp/hl7.fhir.be.core#2.0.1/fsh-generated/resources/PractitionerRole-practitionerrole1"/></extension><issue><extension url="http://hl7.org/fhir/StructureDefinition/operationoutcome-issue-line"><valueInteger value="23"/></extension><extension url="http://hl7.org/fhir/StructureDefinition/operationoutcome-issue-col"><valueInteger value="74"/></extension><extension url="http://hl7.org/fhir/StructureDefinition/operationoutcome-issue-source"><valueCode value="InstanceValidator"/></extension><extension url="http://hl7.org/fhir/StructureDefinition/operationoutcome-message-id"><valueCode value="Reference_REF_CantResolve"/></extension><severity value="error"/><code value="structure"/><details><text value="Unable to resolve resource with reference 'https://www.anotherfhirserver.be/fhir/Practitioner/01'"/></details><expression value="PractitionerRole/practitionerrole1: PractitionerRole.practitioner"/></issue></OperationOutcome></resource></entry><entry><resource><OperationOutcome><extension url="http://hl7.org/fhir/StructureDefinition/operationoutcome-file"><valueString value="/tmp/hl7.fhir.be.core#2.0.1/fsh-generated/resources/Provenance-provenance1"/></extension><issue><extension url="http://hl7.org/fhir/StructureDefinition/operationoutcome-issue-line"><valueInteger value="12"/></extension><extension url="http://hl7.org/fhir/StructureDefinition/operationoutcome-issue-col"><valueInteger value="6"/></extension><extension url="http://hl7.org/fhir/StructureDefinition/operationoutcome-issue-source"><valueCode value="InstanceValidator"/></extension><extension url="http://hl7.org/fhir/StructureDefinition/operationoutcome-message-id"><valueCode value="Reference_REF_CantResolve"/></extension><severity value="error"/><code value="structure"/><details><text value="Unable to resolve resource with reference 'Practitioner/2/_history/1'"/></details><expression value="Provenance/provenance1: Provenance.target[0]"/></issue><issue><extension url="http://hl7.org/fhir/StructureDefinition/operationoutcome-issue-line"><valueInteger value="47"/></extension><extension url="http://hl7.org/fhir/StructureDefinition/operationoutcome-issue-col"><valueInteger value="78"/></extension><extension url="http://hl7.org/fhir/StructureDefinition/operationoutcome-issue-source"><valueCode value="InstanceValidator"/></extension><extension url="http://hl7.org/fhir/StructureDefinition/operationoutcome-message-id"><valueCode value="Reference_REF_CantResolve"/></extension><severity value="error"/><code value="structure"/><details><text value="Unable to resolve resource with reference 'https://www.anotherfhirserver.be/fhir/Organization/02'"/></details><expression value="Provenance/provenance1: Provenance.agent[0].who"/></issue></OperationOutcome></resource></entry><entry><resource><OperationOutcome><extension url="http://hl7.org/fhir/StructureDefinition/operationoutcome-file"><valueString value="/tmp/hl7.fhir.be.core#2.0.1/fsh-generated/resources/RelatedPerson-relatedperson"/></extension><issue><extension url="http://hl7.org/fhir/StructureDefinition/operationoutcome-issue-line"><valueInteger value="8"/></extension><extension url="http://hl7.org/fhir/StructureDefinition/operationoutcome-issue-col"><valueInteger value="6"/></extension><extension url="http://hl7.org/fhir/StructureDefinition/operationoutcome-issue-source"><valueCode value="TerminologyEngine"/></extension><extension url="http://hl7.org/fhir/StructureDefinition/operationoutcome-message-id"><valueCode value="Terminology_TX_NoValid_3_CC"/></extension><severity value="information"/><code value="code-invalid"/><details><text value="None of the codings provided are in the value set 'Patient relationship type' (http://hl7.org/fhir/ValueSet/relatedperson-relationshiptype), and a coding is recommended to come from this value set) (codes = http://snomed.info/sct#444191003)"/></details><expression value="RelatedPerson/relatedperson: RelatedPerson.relationship[0]"/></issue></OperationOutcome></resource></entry><entry><resource><OperationOutcome><extension url="http://hl7.org/fhir/StructureDefinition/operationoutcome-file"><valueString value="/tmp/hl7.fhir.be.core#2.0.1/fsh-generated/resources/StructureDefinition-be-address"/></extension></OperationOutcome></resource></entry><entry><resource><OperationOutcome><extension url="http://hl7.org/fhir/StructureDefinition/operationoutcome-file"><valueString value="/tmp/hl7.fhir.be.core#2.0.1/fsh-generated/resources/StructureDefinition-be-ext-recorder"/></extension><issue><extension url="http://hl7.org/fhir/StructureDefinition/operationoutcome-issue-source"><valueCode value="Publisher"/></extension><severity value="warning"/><code value="business-rule"/><details><text value="The Implementation Guide contains no examples for this extension"/></details><expression value="StructureDefinition.where(url = 'https://www.ehealth.fgov.be/standards/fhir/core/StructureDefinition/be-ext-recorder')"/></issue></OperationOutcome></resource></entry><entry><resource><OperationOutcome><extension url="http://hl7.org/fhir/StructureDefinition/operationoutcome-file"><valueString value="/tmp/hl7.fhir.be.core#2.0.1/fsh-generated/resources/StructureDefinition-be-ext-simple-note"/></extension><issue><extension url="http://hl7.org/fhir/StructureDefinition/operationoutcome-issue-source"><valueCode value="Publisher"/></extension><severity value="warning"/><code value="business-rule"/><details><text value="The Implementation Guide contains no examples for this extension"/></details><expression value="StructureDefinition.where(url = 'https://www.ehealth.fgov.be/standards/fhir/core/StructureDefinition/be-ext-simple-note')"/></issue></OperationOutcome></resource></entry><entry><resource><OperationOutcome><extension url="http://hl7.org/fhir/StructureDefinition/operationoutcome-file"><valueString value="/tmp/hl7.fhir.be.core#2.0.1/fsh-generated/resources/StructureDefinition-be-organization"/></extension></OperationOutcome></resource></entry><entry><resource><OperationOutcome><extension url="http://hl7.org/fhir/StructureDefinition/operationoutcome-file"><valueString value="/tmp/hl7.fhir.be.core#2.0.1/fsh-generated/resources/StructureDefinition-be-patient"/></extension></OperationOutcome></resource></entry><entry><resource><OperationOutcome><extension url="http://hl7.org/fhir/StructureDefinition/operationoutcome-file"><valueString value="/tmp/hl7.fhir.be.core#2.0.1/fsh-generated/resources/StructureDefinition-be-practitioner"/></extension></OperationOutcome></resource></entry><entry><resource><OperationOutcome><extension url="http://hl7.org/fhir/StructureDefinition/operationoutcome-file"><valueString value="/tmp/hl7.fhir.be.core#2.0.1/fsh-generated/resources/StructureDefinition-be-practitionerrole"/></extension></OperationOutcome></resource></entry><entry><resource><OperationOutcome><extension url="http://hl7.org/fhir/StructureDefinition/operationoutcome-file"><valueString value="/tmp/hl7.fhir.be.core#2.0.1/fsh-generated/resources/StructureDefinition-be-provenance"/></extension></OperationOutcome></resource></entry><entry><resource><OperationOutcome><extension url="http://hl7.org/fhir/StructureDefinition/operationoutcome-file"><valueString value="/tmp/hl7.fhir.be.core#2.0.1/fsh-generated/resources/ValueSet-be-civilstate"/></extension><issue><extension url="http://hl7.org/fhir/StructureDefinition/operationoutcome-issue-source"><valueCode value="InstanceValidator"/></extension><extension url="http://hl7.org/fhir/StructureDefinition/operationoutcome-message-id"><valueCode value="VALUESET_SHAREABLE_MISSING"/></extension><severity value="warning"/><code value="required"/><details><text value="The ShareableValueSet profile says that the title element is mandatory, but it is not present. Published value sets SHOULD conform to the ShareableValueSet profile"/></details><expression value="ValueSet/be-civilstate: ValueSet"/></issue><issue><extension url="http://hl7.org/fhir/StructureDefinition/operationoutcome-issue-source"><valueCode value="InstanceValidator"/></extension><extension url="http://hl7.org/fhir/StructureDefinition/operationoutcome-message-id"><valueCode value="VALUESET_SHAREABLE_MISSING"/></extension><severity value="warning"/><code value="required"/><details><text value="The ShareableValueSet profile says that the experimental element is mandatory, but it is not present. Published value sets SHOULD conform to the ShareableValueSet profile"/></details><expression value="ValueSet/be-civilstate: ValueSet"/></issue></OperationOutcome></resource></entry><entry><resource><OperationOutcome><extension url="http://hl7.org/fhir/StructureDefinition/operationoutcome-file"><valueString value="/tmp/hl7.fhir.be.core#2.0.1/fsh-generated/resources/ValueSet-be-contactperson"/></extension><issue><extension url="http://hl7.org/fhir/StructureDefinition/operationoutcome-issue-source"><valueCode value="InstanceValidator"/></extension><extension url="http://hl7.org/fhir/StructureDefinition/operationoutcome-message-id"><valueCode value="VALUESET_SHAREABLE_MISSING"/></extension><severity value="warning"/><code value="required"/><details><text value="The ShareableValueSet profile says that the title element is mandatory, but it is not present. Published value sets SHOULD conform to the ShareableValueSet profile"/></details><expression value="ValueSet/be-contactperson: ValueSet"/></issue><issue><extension url="http://hl7.org/fhir/StructureDefinition/operationoutcome-issue-source"><valueCode value="InstanceValidator"/></extension><extension url="http://hl7.org/fhir/StructureDefinition/operationoutcome-message-id"><valueCode value="VALUESET_SHAREABLE_MISSING"/></extension><severity value="warning"/><code value="required"/><details><text value="The ShareableValueSet profile says that the experimental element is mandatory, but it is not present. Published value sets SHOULD conform to the ShareableValueSet profile"/></details><expression value="ValueSet/be-contactperson: ValueSet"/></issue></OperationOutcome></resource></entry><entry><resource><OperationOutcome><extension url="http://hl7.org/fhir/StructureDefinition/operationoutcome-file"><valueString value="/tmp/hl7.fhir.be.core#2.0.1/fsh-generated/resources/ValueSet-be-vs-care-location"/></extension><issue><extension url="http://hl7.org/fhir/StructureDefinition/operationoutcome-issue-source"><valueCode value="InstanceValidator"/></extension><extension url="http://hl7.org/fhir/StructureDefinition/operationoutcome-message-id"><valueCode value="VALUESET_SHAREABLE_MISSING"/></extension><severity value="warning"/><code value="required"/><details><text value="The ShareableValueSet profile says that the experimental element is mandatory, but it is not present. Published value sets SHOULD conform to the ShareableValueSet profile"/></details><expression value="ValueSet/be-vs-care-location: ValueSet"/></issue></OperationOutcome></resource></entry><entry><resource><OperationOutcome><extension url="http://hl7.org/fhir/StructureDefinition/operationoutcome-file"><valueString value="/tmp/hl7.fhir.be.core#2.0.1/fsh-generated/resources/ValueSet-be-vs-patient-relationship-type"/></extension><issue><extension url="http://hl7.org/fhir/StructureDefinition/operationoutcome-issue-source"><valueCode value="InstanceValidator"/></extension><extension url="http://hl7.org/fhir/StructureDefinition/operationoutcome-message-id"><valueCode value="VALUESET_SHAREABLE_MISSING"/></extension><severity value="warning"/><code value="required"/><details><text value="The ShareableValueSet profile says that the experimental element is mandatory, but it is not present. Published value sets SHOULD conform to the ShareableValueSet profile"/></details><expression value="ValueSet/be-vs-patient-relationship-type: ValueSet"/></issue></OperationOutcome></resource></entry></Bundle>